date;in_hospital;indicator;life_expectancy;new_cases;new_deaths;new_tests;new_vaccinations;people_fully_vaccinated;people_vaccinated;total_cases;total_vaccinations
2022-01-27T00:00:00.000Z;43015;Daily ICU occupancys;6.929.811.403.508.770;16250920;43186;0;69496481;14454886853;17035689345;1548228059;38392760047
2022-01-26T00:00:00.000Z;44925;Daily ICU occupancy;6.929.811.403.508.770;16600564;45700;6529931;98417101;14874145874;17492975278;1531977139;39540839961
2022-01-25T00:00:00.000Z;44129;Daily ICU occupancy;6.899.550.218.340.610;16294042;44215;9210616;102463170;14864904937;17499035361;1515376575;39515491828
2022-01-24T00:00:00.000Z;44542;Daily ICU occupancy;6.899.550.218.340.610;14994943;35832;9091047;86106836;14887168222;17688635311;1499082533;39688459477
2022-01-23T00:00:00.000Z;44508;Daily ICU occupancy;6.869.552.173.913.040;10428117;20131;8578706;107069398;14851502447;17492169982;1484087590;39431777643
2022-01-22T00:00:00.000Z;44620;Daily ICU occupancy;6.869.552.173.913.040;11739254;24885;10321324;88812128;14610379099;17229628028;1473659473;38688778893
2022-01-21T00:00:00.000Z;45053;Daily ICU occupancy;6.873.991.341.991.340;16679543;40847;13252772;123119275;15865312473;18520459855;1461920219;38689420317
2022-01-20T00:00:00.000Z;45448;Daily ICU occupancy;6.873.991.341.991.340;15975815;39318;14910085;118909240;14846460165;17451299203;1445240676;39097386898
2022-01-19T00:00:00.000Z;46360;Daily ICU occupancy;6.873.991.341.991.340;18398965;43889;15126533;157863078;14856815543;17473028665;1429264861;39061249145
2022-01-18T00:00:00.000Z;45833;Daily ICU occupancy;6.870.206.896.551.720;16144576;38718;14411334;99294608;15041848473;17540281768;1410865896;39196797362
2022-01-17T00:00:00.000Z;45465;Daily ICU occupancy;6.870.206.896.551.720;11798744;26182;12694912;121784510;14521119226;17356573866;1394721320;38726961380
2022-01-16T00:00:00.000Z;45258;Daily ICU occupancy;6.870.206.896.551.720;9143631;17451;10628487;115644430;14533769106;17382284273;1382922576;38767817666
2022-01-15T00:00:00.000Z;45147;Daily ICU occupancy;6.870.206.896.551.720;10477372;25488;12163942;119012845;14248124237;17153612143;1373778945;38130515123
2022-01-14T00:00:00.000Z;45597;Daily ICU occupancy;6.870.206.896.551.720;15413891;35442;12800376;101776015;15462752443;18491205296;1363301573;38210476156
2022-01-13T00:00:00.000Z;45745;Daily ICU occupancy;6.870.206.896.551.720;12534886;32055;12990765;148981712;14472225826;17299638258;1347887682;38475729987
2022-01-12T00:00:00.000Z;46027;Daily ICU occupancy;6.870.206.896.551.720;15973589;40558;16589584;135083941;14333837418;17197928966;1335352796;38159973993
2022-01-11T00:00:00.000Z;45434;Daily ICU occupancy;6.870.206.896.551.720;12694318;36621;15191339;151276065;14288195806;17207589897;1319379207;38095390342
2022-01-10T00:00:00.000Z;44632;Daily ICU occupancy;6.870.206.896.551.720;13384443;26532;14257007;205348515;14268684729;17167669761;1306684889;38008303311
2022-01-09T00:00:00.000Z;43756;Daily ICU occupancy;6.870.206.896.551.720;8715306;15807;11284828;123047714;14089373792;16973876904;1293300446;37479598246
2022-01-08T00:00:00.000Z;42884;Daily ICU occupancy;6.870.206.896.551.720;9282794;22007;13264717;99880979;13750000575;16652576390;1284585140;36774831501
2022-01-07T00:00:00.000Z;42465;Daily ICU occupancy;6.870.206.896.551.720;12744157;29945;14190500;143434891;14877280100;17756743940;1275302346;36348064472
2022-01-06T00:00:00.000Z;41674;Daily ICU occupancy;6.870.206.896.551.720;11303312;28913;15658597;144919124;15018444744;16667714263;1262558189;36764896460
2022-01-05T00:00:00.000Z;41017;Daily ICU occupancy;6.870.206.896.551.720;11259793;33803;16076866;137461731;13767059976;16612473535;1251254877;36579021939
2022-01-04T00:00:00.000Z;40759;Daily ICU occupancy;6.870.206.896.551.720;10969717;33669;16121088;150060278;13891226338;16687999386;1239995084;36608209473
2022-01-03T00:00:00.000Z;40076;Daily ICU occupancy;6.870.206.896.551.720;10424953;25656;12166840;124197971;13807434308;16695817669;1229025367;36662096327
2022-01-02T00:00:00.000Z;39021;Daily ICU occupancy;6.870.206.896.551.720;3985691;13235;8252153;83508382;13717262407;16584543043;1218600414;36236181573
2022-01-01T00:00:00.000Z;38089;Daily ICU occupancy;6.870.206.896.551.720;5238739;18055;9011278;80104732;13674471919;16369312512;1214614723;35957882243
2021-12-31T00:00:00.000Z;37649;Daily ICU occupancy;6.870.206.896.551.720;7405678;25596;13405965;126850820;13532984526;16313022278;1209375984;35631704168
2021-12-30T00:00:00.000Z;37582;Daily ICU occupancy;6.870.206.896.551.720;8492860;32216;13791711;146710483;13747318925;16554034154;1201970306;36090686543
2021-12-29T00:00:00.000Z;37442;Daily ICU occupancy;6.870.206.896.551.720;7544740;34478;12919112;155872475;13412551218;16255325914;1193477446;35313579353
2021-12-28T00:00:00.000Z;36701;Daily ICU occupancy;6.870.206.896.551.720;5810660;31787;14544540;179779622;14931549736;17920039557;1185932706;35994289332
2021-12-27T00:00:00.000Z;36527;Daily ICU occupancy;6.870.206.896.551.720;5547892;28634;10100484;128829373;13589328599;16436468884;1180122046;35659315375
2021-12-26T00:00:00.000Z;35910;Daily ICU occupancy;6.870.206.896.551.720;2498076;14943;7125733;92140375;13260576720;16040109182;1174574154;34839907524
2021-12-25T00:00:00.000Z;35568;Daily ICU occupancy;6.870.206.896.551.720;3017328;18228;8164657;111624497;14244838197;15863514561;1172076078;34448060588
2021-12-24T00:00:00.000Z;35447;Daily ICU occupancy;6.870.206.896.551.720;3630060;24968;12377544;126287768;13215528805;16148370188;1169058750;34865022006
2021-12-23T00:00:00.000Z;35593;Daily ICU occupancy;6.870.206.896.551.720;4314749;39148;13678058;168480357;13166170046;16261008384;1165428690;35040254396
2021-12-22T00:00:00.000Z;35384;Daily ICU occupancy;6.870.206.896.551.720;3929120;35139;13119678;136249105;13384179960;16290808447;1161113941;34858018112
2021-12-21T00:00:00.000Z;35295;Daily ICU occupancy;6.870.206.896.551.720;3479940;32903;12243473;152319485;13276743581;16181682701;1157184821;34503284636
2021-12-20T00:00:00.000Z;35956;Daily ICU occupancy;6.870.206.896.551.720;3203537;29590;10067765;171620924;13418709944;16310499923;1153704881;34763179354
2021-12-19T00:00:00.000Z;35603;Daily ICU occupancy;6.870.206.896.551.720;2069549;18133;8467160;124947980;14550705909;16290483048;1150501344;34689489762
2021-12-18T00:00:00.000Z;35439;Daily ICU occupancy;6.870.206.896.551.720;2561281;26063;10318274;143657854;13036063361;16067985376;1148431795;34109908796
2021-12-17T00:00:00.000Z;35548;Daily ICU occupancy;6.870.206.896.551.720;3173436;29926;11968790;166305345;14142827099;15932569998;1145870514;33865897109
2021-12-16T00:00:00.000Z;35650;Daily ICU occupancy;6.870.206.896.551.720;3226004;31510;12241393;133028804;13114240620;16129245591;1142697078;34118667533
2021-12-15T00:00:00.000Z;35820;Daily ICU occupancy;6.870.206.896.551.720;3249789;39189;11404884;158346965;13184608532;16273967978;1139471074;34358217398
2021-12-14T00:00:00.000Z;35913;Daily ICU occupancy;6.870.206.896.551.720;2904348;33532;10638841;161902939;13083587250;16172380630;1136221285;34076579386
2021-12-13T00:00:00.000Z;35861;Daily ICU occupancy;6.870.206.896.551.720;2720782;28224;9034827;115776531;13097278228;15951902841;1133316937;33886861559
2021-12-12T00:00:00.000Z;35279;Daily ICU occupancy;6.870.206.896.551.720;1934137;19239;7352800;115333348;13097961406;16073385923;1130596155;33923980454
2021-12-11T00:00:00.000Z;34730;Daily ICU occupancy;6.870.206.896.551.720;2199881;25188;9259612;178724219;12792556474;15786895580;1128662018;33325087941
2021-12-10T00:00:00.000Z;34752;Daily ICU occupancy;6.870.206.896.551.720;3019858;34688;11094096;121074520;13812660670;15657723766;1126462137;32978207839
2021-12-09T00:00:00.000Z;34624;Daily ICU occupancy;6.870.206.896.551.720;3251695;37911;10271143;153104263;12772672518;16041530683;1123442279;33255052604
2021-12-08T00:00:00.000Z;34426;Daily ICU occupancy;6.870.206.896.551.720;2927738;34259;10453750;143708041;12769226467;16121070057;1120190584;33371024496
2021-12-07T00:00:00.000Z;34087;Daily ICU occupancy;6.870.206.896.551.720;3120043;35990;11036993;122034080;12395429848;15732979334;1117262846;32546123970
2021-12-06T00:00:00.000Z;33610;Daily ICU occupancy;6.870.206.896.551.720;2538904;29783;8983175;116690862;12657474611;15993872431;1114142803;33030737964
2021-12-05T00:00:00.000Z;32904;Daily ICU occupancy;6.870.206.896.551.720;1936856;30091;7382586;116793917;12655529730;16032441439;1111603899;33013328928
2021-12-04T00:00:00.000Z;32700;Daily ICU occupancy;6.870.206.896.551.720;2278283;23364;8640609;151553672;12334412181;15663437401;1109667043;32148769923
2021-12-03T00:00:00.000Z;32768;Daily ICU occupancy;6.870.206.896.551.720;3155452;36188;12122754;129190578;13332107811;15538745201;1107388760;31907719360
2021-12-02T00:00:00.000Z;32570;Daily ICU occupancy;6.870.206.896.551.720;3137558;42660;11079285;155712069;12518343508;15994969885;1104233308;32545758690
2021-12-01T00:00:00.000Z;32342;Daily ICU occupancy;6.870.206.896.551.720;3137873;39266;10751666;162255931;12260572113;15748227493;1101095750;32247160159
2021-11-30T00:00:00.000Z;32037;Daily ICU occupancy;6.870.206.896.551.720;2786765;34215;10927429;158351250;12235035246;15657767116;1097957877;32010721491
2021-11-29T00:00:00.000Z;31657;Daily ICU occupancy;6.870.206.896.551.720;2865807;33009;8302886;132123069;13413771646;15877078590;1095171112;32231929846
2021-11-28T00:00:00.000Z;31066;Daily ICU occupancy;6.870.206.896.551.720;1809211;19967;6656854;149296520;12220265901;15878499597;1092305305;32244110728
2021-11-27T00:00:00.000Z;30599;Daily ICU occupancy;6.870.206.896.551.720;2055584;25014;7630055;112158619;11882000029;15539359801;1090496094;31481199091
2021-11-26T00:00:00.000Z;30260;Daily ICU occupancy;6.840.721.030.042.910;2677854;29133;9389672;148309356;11708392314;15351591816;1088440510;31048938890
2021-11-25T00:00:00.000Z;29870;Daily ICU occupancy;6.840.721.030.042.910;2682542;33150;9327019;112087007;11868155116;15555594894;1085762656;31281763360
2021-11-24T00:00:00.000Z;29379;Daily ICU occupancy;6.840.721.030.042.910;3003051;36790;9860300;148703711;11916569835;15621210563;1083080114;31333342514
2021-11-23T00:00:00.000Z;29209;Daily ICU occupancy;6.840.721.030.042.910;2602624;34310;9584970;124584771;11780297587;15477946335;1080077063;31049831566
2021-11-22T00:00:00.000Z;28927;Daily ICU occupancy;6.840.721.030.042.910;2730682;30987;7895341;112240220;11733426651;15420927813;1077400095;30876373225
2021-11-21T00:00:00.000Z;28156;Daily ICU occupancy;6.840.721.030.042.910;1754563;18842;6809002;100634521;11784029856;15446018319;1074669413;30961911650
2021-11-20T00:00:00.000Z;27698;Daily ICU occupancy;6.840.721.030.042.910;2135717;25579;7939231;132326330;11563104266;15263959393;1072914850;30463432872
2021-11-19T00:00:00.000Z;27655;Daily ICU occupancy;6.840.721.030.042.910;2710673;34003;9871960;125437392;12509490575;16374296020;1070779133;30172356845
2021-11-18T00:00:00.000Z;27506;Daily ICU occupancy;6.840.721.030.042.910;2707365;34928;9383036;118707135;11693987720;14989526333;1068068460;30566336747
2021-11-17T00:00:00.000Z;27314;Daily ICU occupancy;6.840.721.030.042.910;2778676;38989;9406563;130370793;11645305925;15058454579;1065361095;30617965453
2021-11-16T00:00:00.000Z;26899;Daily ICU occupancy;6.840.721.030.042.910;2308252;32758;9468610;110337898;11536522887;14935256537;1062582419;30342614744
2021-11-15T00:00:00.000Z;26680;Daily ICU occupancy;6.840.721.030.042.910;2333203;29572;7214563;105923958;11571626193;14997389340;1060274167;30366380178
2021-11-14T00:00:00.000Z;26132;Daily ICU occupancy;6.840.721.030.042.910;1534425;19252;6348494;100439482;11560913304;15014070506;1057940964;30333463662
2021-11-13T00:00:00.000Z;25997;Daily ICU occupancy;6.840.721.030.042.910;1868009;26257;6990366;128789578;11254161100;14695737681;1056406539;29583242336
2021-11-12T00:00:00.000Z;25790;Daily ICU occupancy;6.840.721.030.042.910;2571544;37551;8150683;133111578;12269606330;14622120366;1054538530;29445097270
2021-11-11T00:00:00.000Z;25671;Daily ICU occupancy;6.840.721.030.042.910;2264735;32433;9929874;133349064;11420024311;14916640237;1051966986;29891580844
2021-11-10T00:00:00.000Z;25665;Daily ICU occupancy;6.840.721.030.042.910;2533330;34589;9849814;147036699;11254918006;14675702185;1049702251;29468301809
2021-11-09T00:00:00.000Z;25427;Daily ICU occupancy;6.840.721.030.042.910;2097852;34786;9862782;132823390;11266076685;14760701546;1047168921;29519453593
2021-11-08T00:00:00.000Z;25252;Daily ICU occupancy;6.840.721.030.042.910;2042859;28156;7615012;112972144;11227443241;14683348594;1045071069;29363797524
2021-11-07T00:00:00.000Z;24897;Daily ICU occupancy;6.840.721.030.042.910;1486647;18648;6367794;104802138;11227052204;14635347395;1043028210;29241921495
2021-11-06T00:00:00.000Z;24679;Daily ICU occupancy;6.840.721.030.042.910;1848316;27645;7031150;102734007;10936971457;14338120627;1041541563;28583817667
2021-11-05T00:00:00.000Z;24724;Daily ICU occupancy;6.840.721.030.042.910;2220839;35901;8116453;123879788;11959690929;14282572471;1039693247;28355444641
2021-11-04T00:00:00.000Z;24819;Daily ICU occupancy;6.840.721.030.042.910;2251073;32128;8681808;127267027;11142700823;14627055481;1037472408;28997213212
2021-11-03T00:00:00.000Z;24963;Daily ICU occupancy;6.840.721.030.042.910;2300232;35327;8990263;115795979;11089533979;14518635773;1035221335;28769218596
2021-11-02T00:00:00.000Z;24800;Daily ICU occupancy;6.840.721.030.042.910;1799230;30565;7878752;103170071;10988385386;14440846269;1032921103;28545062731
2021-11-01T00:00:00.000Z;24823;Daily ICU occupancy;6.840.721.030.042.910;1754788;26278;6141142;92848786;11007384201;14477478776;1031121873;28509923517
2021-10-31T00:00:00.000Z;24575;Daily ICU occupancy;6.840.721.030.042.910;1355897;18687;5870616;116259678;10975361340;14429230462;1029367085;28420645633
2021-10-30T00:00:00.000Z;24492;Daily ICU occupancy;6.840.721.030.042.910;1643923;24879;6590757;127334471;10753977174;14241238089;1028011188;27947096902
2021-10-29T00:00:00.000Z;24680;Daily ICU occupancy;6.840.721.030.042.910;2169236;33635;8450138;141178760;11804238018;14244837155;1026367265;27904649015
2021-10-28T00:00:00.000Z;26461;Daily ICU occupancy;6.840.721.030.042.910;1933211;35402;8679489;117985102;10770704831;14299749707;1024198029;27979699317
2021-10-27T00:00:00.000Z;26902;Daily ICU occupancy;6.840.721.030.042.910;2190009;38171;8601710;96269187;10599743860;14087085896;1022264818;27579403757
2021-10-26T00:00:00.000Z;26802;Daily ICU occupancy;6.840.721.030.042.910;1895999;33085;8579803;105384642;10617722089;14151237722;1020074809;27611515102
2021-10-25T00:00:00.000Z;26798;Daily ICU occupancy;6.840.721.030.042.910;1789042;27597;6864416;80954683;10671815587;14223577470;1018178810;27703103124
2021-10-24T00:00:00.000Z;26572;Daily ICU occupancy;6.840.721.030.042.910;1333642;18726;5919389;88280019;10616064853;14097938651;1016389768;27505353051
2021-10-23T00:00:00.000Z;26742;Daily ICU occupancy;6.840.721.030.042.910;1535394;24144;6828517;96540206;11574618902;14166376515;1015056126;27465679863
2021-10-22T00:00:00.000Z;27180;Daily ICU occupancy;6.840.363.247.863.240;2046961;33727;8194925;102929098;10266899933;13900655664;1013520732;27004442794
2021-10-21T00:00:00.000Z;27362;Daily ICU occupancy;6.840.363.247.863.240;1926694;31826;9219615;99384932;10461241006;14158167113;1011473771;27396036458
2021-10-20T00:00:00.000Z;27928;Daily ICU occupancy;6.840.363.247.863.240;1992260;35846;9113727;135561438;10390279064;14022176486;1009547077;27208632972
2021-10-19T00:00:00.000Z;27927;Daily ICU occupancy;6.840.363.247.863.240;1867200;34295;9124712;108284341;10366832299;13928685881;1007554817;27034431982
2021-10-18T00:00:00.000Z;28059;Daily ICU occupancy;6.840.363.247.863.240;1704690;26759;6744408;108712538;10297447113;13884227784;1005687617;26900158283
2021-10-17T00:00:00.000Z;27759;Daily ICU occupancy;6.840.363.247.863.240;1306015;17613;5770987;92830052;10289288257;13881374265;1003982927;26857919924
2021-10-16T00:00:00.000Z;27882;Daily ICU occupancy;6.840.363.247.863.240;1428256;21653;6659313;55394427;9977994371;13520876803;1002676912;26193916296
2021-10-15T00:00:00.000Z;28439;Daily ICU occupancy;6.840.363.247.863.240;1900367;29852;8409497;76828424;10016971481;13544246407;1001248656;26216989203
2021-10-14T00:00:00.000Z;28827;Daily ICU occupancy;6.840.363.247.863.240;1861837;33012;9735645;89649521;10201953272;13786335734;999348289;26633899901
2021-10-13T00:00:00.000Z;29856;Daily ICU occupancy;6.840.363.247.863.240;1877127;36120;8640886;89474898;10153496564;13704760889;997486452;26501513935
2021-10-12T00:00:00.000Z;27884;Daily ICU occupancy;6.846.089.361.702.120;1816976;33470;8567360;92245109;10143611958;13733518233;995609325;26468687524
2021-10-11T00:00:00.000Z;29684;Daily ICU occupancy;6.846.089.361.702.120;1543490;23784;7046257;76734406;10087137749;13688347342;993792349;26346417339
2021-10-10T00:00:00.000Z;29636;Daily ICU occupancy;6.846.089.361.702.120;1312338;19076;6255225;104145192;10024132018;13666659554;992248859;26316924336
2021-10-09T00:00:00.000Z;29194;Daily ICU occupancy;6.846.089.361.702.120;1408018;19898;7220323;79883735;9855569151;13417318019;990936521;25828979709
2021-10-08T00:00:00.000Z;28674;Daily ICU occupancy;6.846.089.361.702.120;1984952;31179;8684599;116436632;9816870612;13403234764;989528503;25759950773
2021-10-07T00:00:00.000Z;29268;Daily ICU occupancy;6.846.089.361.702.120;1841431;36574;9280012;91820170;9931476773;13531869606;987543551;26005850650
2021-10-06T00:00:00.000Z;30545;Daily ICU occupancy;6.846.089.361.702.120;2086317;37509;9118460;92753052;9873440815;13478556301;985702120;25881782446
2021-10-05T00:00:00.000Z;30143;Daily ICU occupancy;6.846.089.361.702.120;1737911;30568;8538254;125896662;9804117216;13413147802;983615803;25740632338
2021-10-04T00:00:00.000Z;30603;Daily ICU occupancy;6.846.089.361.702.120;1780011;29417;7085332;85691395;9802430220;13435548894;981877892;25729377845
2021-10-03T00:00:00.000Z;30686;Daily ICU occupancy;6.846.089.361.702.120;1276195;17437;6353611;81748044;9684120752;13292442954;980097881;25477189692
2021-10-02T00:00:00.000Z;30863;Daily ICU occupancy;6.846.089.361.702.120;1450532;23912;7287792;79104961;9533258943;13106806282;978821686;25114536198
2021-10-01T00:00:00.000Z;31263;Daily ICU occupancy;6.846.089.361.702.120;2118863;35035;8641613;87985262;9455939222;13026981777;977371154;24949363689
2021-09-30T00:00:00.000Z;32027;Daily ICU occupancy;6.846.089.361.702.120;1983906;35919;9436491;114511882;9611125444;13247567972;975252291;25287358910
2021-09-29T00:00:00.000Z;33904;Daily ICU occupancy;6.846.089.361.702.120;2059390;38231;9579499;125905005;9523754604;13095678294;973268385;25057281115
2021-09-28T00:00:00.000Z;33397;Daily ICU occupancy;6.846.089.361.702.120;1865510;38373;8821810;111283153;10605415093;13137237704;971208995;25131375469
2021-09-27T00:00:00.000Z;33815;Daily ICU occupancy;6.846.089.361.702.120;1867947;31468;7500454;170302131;9489351637;13189731780;969343485;25131095549
2021-09-26T00:00:00.000Z;34206;Daily ICU occupancy;6.846.089.361.702.120;1441978;22013;6935738;73481625;9350852906;12963819854;967475538;24755681810
2021-09-25T00:00:00.000Z;34458;Daily ICU occupancy;6.846.089.361.702.120;1536939;22024;8053556;79291871;9213572087;12835721021;966033560;24476943378
2021-09-24T00:00:00.000Z;34872;Daily ICU occupancy;6.846.089.361.702.120;2236440;35743;9550156;113688137;9127472951;12733031010;964496621;24272190847
2021-09-23T00:00:00.000Z;35387;Daily ICU occupancy;6.846.089.361.702.120;2203267;39700;9833295;126951474;9212241680;12815203375;962260181;24425418640
2021-09-22T00:00:00.000Z;37958;Daily ICU occupancy;6.846.089.361.702.120;2204916;40382;9597901;105430368;9181144960;12837324700;960056914;24359390850
2021-09-21T00:00:00.000Z;36735;Daily ICU occupancy;6.846.089.361.702.120;1972229;37979;9037324;115776220;9170058756;12774537220;957851998;24298996016
2021-09-20T00:00:00.000Z;37015;Daily ICU occupancy;6.846.089.361.702.120;2115881;33430;7835453;105723423;9142096787;12791650757;955879769;24246018682
2021-09-19T00:00:00.000Z;37181;Daily ICU occupancy;6.846.089.361.702.120;1490061;24478;7100340;98298974;9062047051;12665741511;953763888;24036794674
2021-09-18T00:00:00.000Z;37369;Daily ICU occupancy;6.846.089.361.702.120;1634535;26292;8079516;149394410;9871869896;13527975073;952273827;23581992261
2021-09-17T00:00:00.000Z;37991;Daily ICU occupancy;6.846.089.361.702.120;2530000;36534;9517980;105093038;8809973287;12395476976;950139780;23537711242
2021-09-16T00:00:00.000Z;38374;Daily ICU occupancy;6.846.089.361.702.120;2379960;42562;9445401;123971022;8919035650;12509871940;947609780;23746191437
2021-09-15T00:00:00.000Z;41256;Daily ICU occupancy;6.846.089.361.702.120;2337259;42410;9526948;124118798;9885063152;12439937928;945229820;23625332611
2021-09-14T00:00:00.000Z;39220;Daily ICU occupancy;6.846.089.361.702.120;2250856;40484;9531219;106239952;8743532729;12461371510;942892561;23599359503
2021-09-13T00:00:00.000Z;39527;Daily ICU occupancy;6.846.089.361.702.120;2383821;37001;8347033;126066986;8652033663;12348858029;940641705;23383228516
2021-09-12T00:00:00.000Z;39551;Daily ICU occupancy;6.846.089.361.702.120;1513317;22428;7154575;125941272;8654871977;12375531266;938257884;23384757658
2021-09-11T00:00:00.000Z;39587;Daily ICU occupancy;6.846.089.361.702.120;1906209;33642;8344239;131107794;8443571378;12083976994;936744567;22853616410
2021-09-10T00:00:00.000Z;40097;Daily ICU occupancy;6.846.089.361.702.120;2602569;37141;10336137;116241314;8473768700;12115067566;934838358;22819229047
2021-09-09T00:00:00.000Z;40390;Daily ICU occupancy;6.846.089.361.702.120;2655486;43969;10113457;147832616;8545286509;12210845426;932235789;22953276884
2021-09-08T00:00:00.000Z;43455;Daily ICU occupancy;6.846.089.361.702.120;2556305;40737;9753330;154610994;8420398545;12008731377;929580303;22670728952
2021-09-07T00:00:00.000Z;40492;Daily ICU occupancy;6.817.080.508.474.570;2871444;42538;9223198;147948653;8367496856;11988618637;927023998;22548196724
2021-09-06T00:00:00.000Z;40152;Daily ICU occupancy;6.817.080.508.474.570;1816245;32687;8244630;104556967;9315012036;13027407171;924152554;22466875646
2021-09-05T00:00:00.000Z;39899;Daily ICU occupancy;6.817.080.508.474.570;1828721;26256;7299691;113377911;8031234209;11780384369;922336309;22269153862
2021-09-04T00:00:00.000Z;39901;Daily ICU occupancy;6.817.080.508.474.570;2013557;31141;8294523;98559342;7911124171;11631890044;920507588;21983925828
2021-09-03T00:00:00.000Z;40273;Daily ICU occupancy;6.817.080.508.474.570;2925993;43253;8243162;113106532;7864038350;11578643697;918494031;21844458149
2021-09-02T00:00:00.000Z;40353;Daily ICU occupancy;6.817.080.508.474.570;2756895;45515;8130272;132618807;7929392977;11690220752;915568038;21959951500
2021-09-01T00:00:00.000Z;43421;Daily ICU occupancy;6.817.080.508.474.570;2987420;50407;10495495;181413399;7908246156;11640147367;912811143;21889540904
2021-08-31T00:00:00.000Z;40351;Daily ICU occupancy;6.817.080.508.474.570;2579025;37332;9104958;159931530;7860376645;11579610787;909823723;21759317519
2021-08-30T00:00:00.000Z;40361;Daily ICU occupancy;6.817.080.508.474.570;2728438;38674;7998299;137099728;7771319855;11485342906;907244698;21511726228
2021-08-29T00:00:00.000Z;40190;Daily ICU occupancy;6.817.088.607.594.930;1831447;27070;6971320;169133257;7781868184;11503594314;904516260;21512593695
2021-08-28T00:00:00.000Z;39864;Daily ICU occupancy;6.817.088.607.594.930;2299777;34118;8760510;144464215;7577933912;11235520474;902684813;20991243035
2021-08-27T00:00:00.000Z;39769;Daily ICU occupancy;6.817.088.607.594.930;3006983;41689;9992701;196276730;7544863642;11196425768;900385036;20839625489
2021-08-26T00:00:00.000Z;39676;Daily ICU occupancy;6.817.088.607.594.930;3025065;46956;10120165;164340685;8461711716;12320810878;897378053;20850092448
2021-08-25T00:00:00.000Z;42405;Daily ICU occupancy;6.817.088.607.594.930;3009371;45638;9509814;169576699;7138268725;9756308968;894352988;20574308924
2021-08-24T00:00:00.000Z;39544;Daily ICU occupancy;6.817.088.607.594.930;2826986;44841;10355799;175464625;7176283328;9839911232;891343617;20608729207
2021-08-23T00:00:00.000Z;38933;Daily ICU occupancy;6.817.088.607.594.930;2826727;41031;7900329;128695847;7041813974;9641828993;888516631;20236331777
2021-08-22T00:00:00.000Z;38378;Daily ICU occupancy;6.817.088.607.594.930;1842497;30849;6912523;112037958;7083627534;9686408377;885689904;20258206331
2021-08-21T00:00:00.000Z;37895;Daily ICU occupancy;6.814.745.762.711.860;2268561;35689;8218003;122119382;6960114233;9572752285;883847407;19974591054
2021-08-20T00:00:00.000Z;37567;Daily ICU occupancy;6.814.745.762.711.860;3211477;42343;9848532;154569031;6928127931;9524053907;881578846;19839283359
2021-08-19T00:00:00.000Z;37200;Daily ICU occupancy;6.814.745.762.711.860;2922251;46651;9688185;144027293;6951180438;9528537495;878367369;19818274898
2021-08-18T00:00:00.000Z;39400;Daily ICU occupancy;6.814.745.762.711.860;3019169;43517;9211400;152665353;6936497601;9527493012;875445118;19775294256
2021-08-17T00:00:00.000Z;36264;Daily ICU occupancy;6.814.745.762.711.860;2792482;43441;8920101;159871155;6871420144;9466090132;872425949;19585109991
2021-08-16T00:00:00.000Z;35451;Daily ICU occupancy;6.814.745.762.711.860;2725958;39493;7618828;154878527;6827211738;9387391861;869633467;19423858149
2021-08-15T00:00:00.000Z;34735;Daily ICU occupancy;6.814.745.762.711.860;1907221;29601;6583615;88964873;6686927981;8935769505;866907509;18749382444
2021-08-14T00:00:00.000Z;34040;Daily ICU occupancy;6.814.745.762.711.860;2257597;34883;8694812;125145357;6656653619;9129019909;865000288;18891563704
2021-08-13T00:00:00.000Z;33680;Daily ICU occupancy;6.814.745.762.711.860;3279189;41899;9574469;167747555;6617272474;9124655056;862742691;18809723502
2021-08-12T00:00:00.000Z;33178;Daily ICU occupancy;6.814.745.762.711.860;2916841;42458;9879673;136735311;7332860097;8775894640;859463502;18333549263
2021-08-11T00:00:00.000Z;34638;Daily ICU occupancy;6.814.745.762.711.860;2995296;42272;8862163;150688211;4297494231;9111947397;856546661;18694985811
2021-08-10T00:00:00.000Z;31797;Daily ICU occupancy;6.814.745.762.711.860;2655014;46759;8549255;160452372;4259659204;9079925029;853551365;18573354924
2021-08-09T00:00:00.000Z;31156;Daily ICU occupancy;6.814.745.762.711.860;2548220;35236;8015913;161282739;4211417335;9022608576;850896351;18415938005
2021-08-08T00:00:00.000Z;30137;Daily ICU occupancy;6.814.745.762.711.860;1914569;29868;6500150;117933670;4095881512;8863776779;848348131;18111923965
2021-08-07T00:00:00.000Z;29357;Daily ICU occupancy;6.814.745.762.711.860;2288160;34661;7854192;125066361;4012653524;8731237428;846433562;17870757194
2021-08-06T00:00:00.000Z;28857;Daily ICU occupancy;6.814.745.762.711.860;3348506;42197;8714234;152113373;3961082659;8692082953;844145402;17732151945
2021-08-05T00:00:00.000Z;28268;Daily ICU occupancy;6.814.745.762.711.860;2822748;44185;8754016;163790297;4058667793;8819909767;840796896;17874633506
2021-08-04T00:00:00.000Z;29291;Daily ICU occupancy;6.814.745.762.711.860;2805679;42346;8392187;183587078;3989123396;8710211112;837974148;17630696518
2021-08-03T00:00:00.000Z;27072;Daily ICU occupancy;6.814.745.762.711.860;2593553;41831;7909184;206327733;3979140204;8686054204;835168469;17521814924
2021-08-02T00:00:00.000Z;26394;Daily ICU occupancy;681.709.282.700.422;2380304;32539;7106397;150303873;3822325392;8208679537;832574916;16804081108
2021-08-01T00:00:00.000Z;25498;Daily ICU occupancy;681.709.282.700.422;1961769;29496;6137401;146134897;3876513130;8522589474;830194612;17123804451
2021-07-31T00:00:00.000Z;20862;Daily ICU occupancy;681.709.282.700.422;2113753;35363;7462657;130008539;3725821852;8069730614;828232843;16442171590
2021-07-30T00:00:00.000Z;24236;Daily ICU occupancy;681.709.282.700.422;3005225;38483;8970127;173029811;3773120344;8362261834;826119090;16725576301
2021-07-29T00:00:00.000Z;23732;Daily ICU occupancy;681.709.282.700.422;2661268;43472;8430432;183599914;3789287144;8377745755;823113865;16662420561
2021-07-28T00:00:00.000Z;20291;Daily ICU occupancy;681.709.282.700.422;2671160;41100;8279152;171142501;3734922970;8304150464;820452597;16465577101
2021-07-27T00:00:00.000Z;22684;Daily ICU occupancy;681.709.282.700.422;2513292;39513;7888995;165274926;3688943206;8224961291;817781437;16262785041
2021-07-26T00:00:00.000Z;21971;Daily ICU occupancy;681.709.282.700.422;2235937;31483;6723749;162080017;3667105880;8222183828;815268145;16174861536
2021-07-25T00:00:00.000Z;21394;Daily ICU occupancy;681.709.282.700.422;1821629;29326;6259107;106875348;3606001215;8127840876;813032208;15982079967
2021-07-24T00:00:00.000Z;20820;Daily ICU occupancy;681.709.282.700.422;1777216;34822;7040125;126052375;3508706850;7996623829;811210579;15699821865
2021-07-23T00:00:00.000Z;20417;Daily ICU occupancy;681.709.282.700.422;2992900;33323;8287506;154500419;3492613132;7990271622;809433363;15617303868
2021-07-22T00:00:00.000Z;20186;Daily ICU occupancy;681.709.282.700.422;2340885;35273;8031100;156773723;3492796068;7983005319;806440463;15540614281
2021-07-21T00:00:00.000Z;20842;Daily ICU occupancy;681.709.282.700.422;2306825;34865;7847335;131004949;3428360502;7903646810;804099578;15361449199
2021-07-20T00:00:00.000Z;19646;Daily ICU occupancy;681.709.282.700.422;2201111;47865;7783731;132041696;3405593194;7885582127;801792753;15229540335
2021-07-19T00:00:00.000Z;19218;Daily ICU occupancy;681.709.282.700.422;2041402;28792;7048779;125725637;3369880152;7829098182;799591642;15096077060
2021-07-18T00:00:00.000Z;18751;Daily ICU occupancy;681.709.282.700.422;1723741;26578;6590370;79606417;3245718221;7460171127;797550240;14559670484
2021-07-17T00:00:00.000Z;18449;Daily ICU occupancy;681.709.282.700.422;1999217;30046;8037381;116659008;3288231553;7748738147;795826499;14867469365
2021-07-16T00:00:00.000Z;18258;Daily ICU occupancy;681.709.282.700.422;2452749;34760;9020458;131721855;3216776248;7669006863;793827282;14682762412
2021-07-15T00:00:00.000Z;18088;Daily ICU occupancy;681.709.282.700.422;2369796;34523;9488765;143271389;3245830673;7703722961;791374533;14684966112
2021-07-14T00:00:00.000Z;18912;Daily ICU occupancy;681.709.282.700.422;2208236;34611;8477410;147003440;3197545767;7639407242;789004737;14540492942
2021-07-13T00:00:00.000Z;18095;Daily ICU occupancy;681.709.282.700.422;2168074;33741;8193672;141769289;3158431642;7597326792;786796501;14399678034
2021-07-12T00:00:00.000Z;17910;Daily ICU occupancy;681.709.282.700.422;1796843;32486;7293385;120238827;3125694859;7538072172;784628427;14261102689
2021-07-11T00:00:00.000Z;17696;Daily ICU occupancy;681.709.282.700.422;1499061;30441;6817431;85869744;3078001860;7494946909;782831584;14139450924
2021-07-10T00:00:00.000Z;17542;Daily ICU occupancy;681.709.282.700.422;1722334;26398;7871760;109237138;3008792984;7406969186;781332523;13963690205
2021-07-09T00:00:00.000Z;17613;Daily ICU occupancy;681.709.282.700.422;2079222;33605;8454966;109089513;2905307602;7043706113;779610189;13457956273
2021-07-08T00:00:00.000Z;17689;Daily ICU occupancy;681.709.282.700.422;1970139;35987;8526796;160043810;2973182184;7346781940;777530967;13782631851
2021-07-07T00:00:00.000Z;18572;Daily ICU occupancy;681.709.282.700.422;1882066;34301;8265653;134186923;2939507821;7318370121;775560828;13667957668
2021-07-06T00:00:00.000Z;17749;Daily ICU occupancy;681.709.282.700.422;1838886;34291;7624088;134106397;2883999827;7231660534;773678762;13492289580
2021-07-05T00:00:00.000Z;17762;Daily ICU occupancy;681.709.282.700.422;1540353;29781;6833784;132296987;2868855671;7212039197;771839876;13393880806
2021-07-04T00:00:00.000Z;17806;Daily ICU occupancy;681.709.282.700.422;1316170;26486;6930396;99169486;2816470338;7162954682;770299523;13271958919
2021-07-03T00:00:00.000Z;17766;Daily ICU occupancy;681.709.282.700.422;1516977;27769;7435282;137137743;2746575443;7047731817;768983353;13065145582
2021-07-02T00:00:00.000Z;18273;Daily ICU occupancy;681.709.282.700.422;1783620;33420;8531292;141523552;2720543538;6994125108;767466376;12928617781
2021-07-01T00:00:00.000Z;18302;Daily ICU occupancy;681.709.282.700.422;1776316;34535;9151025;175928944;2711463467;7005772092;765682756;12844617679
2021-06-30T00:00:00.000Z;19602;Daily ICU occupancy;681.709.282.700.422;1614666;37232;8351586;155782092;2685200835;6941499608;763906440;12686430501
2021-06-29T00:00:00.000Z;19266;Daily ICU occupancy;681.709.282.700.422;1542871;33248;7718624;169056560;2649249472;6898438781;762291774;12521075318
2021-06-28T00:00:00.000Z;19662;Daily ICU occupancy;681.709.282.700.422;1341899;26629;7787084;155161970;2621465712;6854354646;760748903;12374697508
2021-06-27T00:00:00.000Z;19737;Daily ICU occupancy;681.709.282.700.422;1246717;24468;7197435;140720666;2580192743;6802577964;759407004;12200143953
2021-06-26T00:00:00.000Z;19843;Daily ICU occupancy;681.709.282.700.422;1460477;30284;7306995;170248466;2538889470;6673184482;758160287;12027034327
2021-06-25T00:00:00.000Z;20066;Daily ICU occupancy;681.709.282.700.422;1685127;37356;7975489;183352204;2492893448;6598529828;756699810;11821374900
2021-06-24T00:00:00.000Z;20484;Daily ICU occupancy;681.709.282.700.422;1647404;34875;7925055;195994014;2497230782;6588226979;755014683;11708021543
2021-06-23T00:00:00.000Z;21803;Daily ICU occupancy;681.709.282.700.422;1612438;38039;8037613;177988656;2462010663;6520146137;753367279;11521997252
2021-06-22T00:00:00.000Z;21176;Daily ICU occupancy;681.709.282.700.422;1648050;36340;7846787;178512589;2421417997;6461544401;751754841;11297813078
2021-06-21T00:00:00.000Z;21407;Daily ICU occupancy;681.709.282.700.422;1207889;28513;6734739;172690324;2398202094;6421445831;750106791;11172714968
2021-06-20T00:00:00.000Z;21340;Daily ICU occupancy;6.808.910.638.297.870;1219824;27041;6357118;133997338;2371049973;6358563395;748898902;10993886498
2021-06-19T00:00:00.000Z;21478;Daily ICU occupancy;6.808.910.638.297.870;1392178;32601;7016093;152023949;2332596698;6289032919;747679078;10833754197
2021-06-18T00:00:00.000Z;22050;Daily ICU occupancy;6.808.910.638.297.870;1627981;37284;8010233;177022701;2297795924;6223981895;746286900;10653594360
2021-06-17T00:00:00.000Z;22388;Daily ICU occupancy;6.808.910.638.297.870;1597997;37669;10068788;184831914;2297317260;6216517075;744658919;10539258463
2021-06-16T00:00:00.000Z;24101;Daily ICU occupancy;6.808.910.638.297.870;1572150;40641;7956817;170202765;2261416317;6156592138;743060922;10343778314
2021-06-15T00:00:00.000Z;23265;Daily ICU occupancy;6.808.910.638.297.870;1527231;43803;7336295;160015339;2217858374;6088542486;741488772;10145966414
2021-06-14T00:00:00.000Z;24092;Daily ICU occupancy;6.838.008.547.008.540;1252293;32561;6845264;115101675;2199536059;6059499273;739961541;10021578349
2021-06-13T00:00:00.000Z;24221;Daily ICU occupancy;6.838.008.547.008.540;1220851;37179;6636440;110077457;2165734970;6006428669;738709248;9889285423
2021-06-12T00:00:00.000Z;24350;Daily ICU occupancy;6.838.008.547.008.540;1486434;39171;6998855;124988379;2142591484;5956883346;737488397;9770000223
2021-06-11T00:00:00.000Z;24664;Daily ICU occupancy;6.838.008.547.008.540;1708725;47701;7994145;150394769;2105903264;5886255683;736001963;9603849909
2021-06-10T00:00:00.000Z;24986;Daily ICU occupancy;6.838.008.547.008.540;1845387;35201;8264859;160907717;2095667403;6488982237;734293238;9499636900
2021-06-09T00:00:00.000Z;26757;Daily ICU occupancy;6.838.008.547.008.540;1699806;41366;8204443;150842187;2069387148;3964507552;732447851;9348541044
2021-06-08T00:00:00.000Z;25859;Daily ICU occupancy;6.838.008.547.008.540;1504694;43462;7725712;142561081;2039689075;3910028423;730748045;9188675739
2021-06-07T00:00:00.000Z;26384;Daily ICU occupancy;6.838.008.547.008.540;1307504;33208;7200327;127856131;2009215814;3848535119;729243351;9051456757
2021-06-06T00:00:00.000Z;26526;Daily ICU occupancy;6.838.008.547.008.540;1313073;29231;8140686;105717363;1984639435;3806942603;727935847;8921978988
2021-06-05T00:00:00.000Z;26619;Daily ICU occupancy;6.838.008.547.008.540;1604849;37936;9103432;131394777;1966661220;3767543796;726622774;8816560943
2021-06-04T00:00:00.000Z;27019;Daily ICU occupancy;6.838.008.547.008.540;1731313;43520;9824632;160420984;1921075431;3693261807;725017925;8610488161
2021-06-03T00:00:00.000Z;27713;Daily ICU occupancy;6.838.008.547.008.540;1971848;41000;10496594;143639242;1924805086;3684692509;723286612;8534765051
2021-06-02T00:00:00.000Z;29837;Daily ICU occupancy;6.838.008.547.008.540;1971646;48341;10201917;166889603;1898028300;3640376050;721314764;8390282759
2021-06-01T00:00:00.000Z;28646;Daily ICU occupancy;6.838.008.547.008.540;1879959;44647;7676051;157007762;1873464360;3593180497;719343118;8235274642
2021-05-31T00:00:00.000Z;29122;Daily ICU occupancy;6.838.008.547.008.540;1568945;35807;6573530;146674838;1843766258;3543526243;717463159;8064737154
2021-05-30T00:00:00.000Z;29214;Daily ICU occupancy;6.838.008.547.008.540;1584959;33738;6311080;110466226;1820434655;3503212004;715894214;7906667731
2021-05-29T00:00:00.000Z;29216;Daily ICU occupancy;6.838.008.547.008.540;1950482;43390;7176954;129917527;1796348078;3459743005;714309255;7766943700
2021-05-28T00:00:00.000Z;29697;Daily ICU occupancy;6.838.008.547.008.540;2062298;48754;8356135;136815617;1767666858;3399672337;712358773;7606197623
2021-05-27T00:00:00.000Z;30251;Daily ICU occupancy;6.838.008.547.008.540;2236905;52356;9390145;136353749;1751294425;3373826104;710296475;7485695657
2021-05-26T00:00:00.000Z;32583;Daily ICU occupancy;6.838.008.547.008.540;2321759;52321;9023141;147926473;1735700540;3347586557;708059570;7382195575
2021-05-25T00:00:00.000Z;31437;Daily ICU occupancy;6.838.008.547.008.540;2172043;54168;8526504;134727316;1723293147;3322624184;705737811;7259364558
2021-05-24T00:00:00.000Z;31014;Daily ICU occupancy;6.838.008.547.008.540;1832844;36992;7119004;118887429;1704414193;3294496399;703565768;7120507122
2021-05-23T00:00:00.000Z;31591;Daily ICU occupancy;6.838.008.547.008.540;1952434;39600;6931296;90375742;1675630989;3234541367;701732924;6983978684
2021-05-22T00:00:00.000Z;31677;Daily ICU occupancy;6.838.008.547.008.540;2325812;46182;7451185;110699943;1662797063;3207884604;699780490;6873101223
2021-05-21T00:00:00.000Z;32120;Daily ICU occupancy;6.838.008.547.008.540;2559807;52781;8670925;125176588;1595173694;3016024311;697454678;6571964267
2021-05-20T00:00:00.000Z;32586;Daily ICU occupancy;6.834.630.901.287.550;2568143;53875;8936683;138392351;1622561571;3149311724;694894871;6669087096
2021-05-19T00:00:00.000Z;35135;Daily ICU occupancy;6.834.630.901.287.550;2761720;55062;9173889;115250574;1592380990;3093950488;694070958;6511390311
2021-05-18T00:00:00.000Z;33850;Daily ICU occupancy;6.834.630.901.287.550;2558189;58076;10014283;116712825;1564998845;3060791255;691309238;6397415696
2021-05-17T00:00:00.000Z;34454;Daily ICU occupancy;6.834.620.689.655.170;2201127;46828;5822088;109659220;1548689736;3029436739;688751049;6291667600
2021-05-16T00:00:00.000Z;34474;Daily ICU occupancy;6.834.620.689.655.170;2231485;41687;4450902;89446595;1526436078;2996442593;686549922;6178289905
2021-05-15T00:00:00.000Z;34718;Daily ICU occupancy;6.834.620.689.655.170;2576240;49689;6683562;96830989;1497767574;2943931044;684318437;6043188246
2021-05-14T00:00:00.000Z;35299;Daily ICU occupancy;6.834.620.689.655.170;2903445;53386;7837004;106010875;1473776527;2905446314;681742197;5931274934
2021-05-13T00:00:00.000Z;35822;Daily ICU occupancy;6.834.620.689.655.170;3003581;56049;7227091;108577936;1468258260;2902559456;678838752;5869580957
2021-05-12T00:00:00.000Z;38369;Daily ICU occupancy;6.834.620.689.655.170;3116478;57353;7912795;110510374;1446479053;2869646103;675835171;5761803574
2021-05-11T00:00:00.000Z;37384;Daily ICU occupancy;6.834.620.689.655.170;3043475;58551;7746423;101546347;1420945257;2844544750;672718693;5663955051
2021-05-10T00:00:00.000Z;37998;Daily ICU occupancy;6.834.620.689.655.170;2556374;46616;7303185;89973503;1380467298;2785809817;669675218;5534521623
2021-05-09T00:00:00.000Z;38177;Daily ICU occupancy;6.834.620.689.655.170;2591653;42296;6911313;56074370;1354994233;2754398294;667118844;5437907010
2021-05-08T00:00:00.000Z;38441;Daily ICU occupancy;6.834.620.689.655.170;3223209;54268;6979275;82469570;1351985463;2742627360;664527191;5395457101
2021-05-07T00:00:00.000Z;38886;Daily ICU occupancy;6.834.620.689.655.170;3420513;59767;8546355;108963290;1330199418;2718267823;661303982;5311728671
2021-05-06T00:00:00.000Z;39561;Daily ICU occupancy;6.830.030.303.030.300;3578690;60617;9268644;100740968;1300869560;2684796462;657883469;5211766281
2021-05-05T00:00:00.000Z;41852;Daily ICU occupancy;6.830.030.303.030.300;3488543;61617;8766171;85997756;1276045947;2656410022;654304779;5123653610
2021-05-04T00:00:00.000Z;41122;Daily ICU occupancy;6.830.030.303.030.300;3313925;58063;8324163;78636171;1240966758;2612378112;650816236;5026985002
2021-05-03T00:00:00.000Z;41659;Daily ICU occupancy;6.830.030.303.030.300;2811604;49055;7352917;60600420;1206929811;2584147741;647502311;4947081258
2021-05-02T00:00:00.000Z;41499;Daily ICU occupancy;6.830.030.303.030.300;2760648;42058;8622078;45087190;1192110667;2554422659;644690707;4875169916
2021-05-01T00:00:00.000Z;41583;Daily ICU occupancy;6.830.030.303.030.300;3262415;53201;7068812;58198265;1181757338;2539798196;641930059;4830145960
2021-04-30T00:00:00.000Z;41981;Daily ICU occupancy;6.830.030.303.030.300;3641385;59430;8520372;104529230;1162577421;2505048293;638667644;4745073062
2021-04-29T00:00:00.000Z;42390;Daily ICU occupancy;6.830.030.303.030.300;3704981;65409;9226237;102816221;1142091597;2493357111;635026259;4675963319
2021-04-28T00:00:00.000Z;44067;Daily ICU occupancy;6.830.030.303.030.300;3756273;66153;9062394;104950943;1115322841;2465148356;631321278;4590256190
2021-04-27T00:00:00.000Z;43050;Daily ICU occupancy;6.830.030.303.030.300;3527933;62467;8927379;85804764;1078335488;2406609871;627565005;4461870789
2021-04-26T00:00:00.000Z;43285;Daily ICU occupancy;6.830.347.826.086.950;2797138;49430;7544981;70436577;1055548034;2376478374;624037072;4379893344
2021-04-25T00:00:00.000Z;42880;Daily ICU occupancy;6.830.347.826.086.950;2992170;43979;7196525;62290406;1031867985;2350301880;621239934;4311395946
2021-04-24T00:00:00.000Z;42763;Daily ICU occupancy;6.830.347.826.086.950;3366810;53776;7856309;51683211;988810128;2184610549;618247764;4072360959
2021-04-23T00:00:00.000Z;43109;Daily ICU occupancy;6.830.347.826.086.950;3759517;63805;8815460;74426673;983417365;2183356578;614880954;4060818467
2021-04-22T00:00:00.000Z;43387;Daily ICU occupancy;6.830.347.826.086.950;3759376;58129;9376794;92265220;982225195;2270639413;611121437;4126711366
2021-04-21T00:00:00.000Z;44478;Daily ICU occupancy;6.830.347.826.086.950;3699864;61501;9397778;77146918;953687080;2228125427;607362061;4025273608
2021-04-20T00:00:00.000Z;43225;Daily ICU occupancy;6.830.347.826.086.950;3584339;60153;8618048;60389622;918614930;2092520822;603662197;3813637843
2021-04-19T00:00:00.000Z;43160;Daily ICU occupancy;6.829.209.606.986.890;2863922;47505;7617479;64238091;907008589;2159635481;600077858;3883467263
2021-04-18T00:00:00.000Z;42512;Daily ICU occupancy;6.829.209.606.986.890;2817052;37838;7028158;40453428;880394033;2117985495;597213936;3800358183
2021-04-17T00:00:00.000Z;42186;Daily ICU occupancy;6.829.209.606.986.890;3286824;51817;7246422;55855990;873296212;2095509677;594396884;3760120448
2021-04-16T00:00:00.000Z;42190;Daily ICU occupancy;6.829.209.606.986.890;3582364;56006;8184776;73738082;859164811;2069204814;591110060;3708906205
2021-04-15T00:00:00.000Z;42006;Daily ICU occupancy;6.829.209.606.986.890;3424244;57166;8385742;78257002;839631960;2042636574;587527696;3646604681
2021-04-14T00:00:00.000Z;43194;Daily ICU occupancy;6.829.209.606.986.890;3441796;59210;8938740;78494821;817702686;1996772923;584103452;3562247011
2021-04-13T00:00:00.000Z;42212;Daily ICU occupancy;6.829.209.606.986.890;3297340;58420;8542443;71873105;797034599;1960123359;580661656;3488243542
2021-04-12T00:00:00.000Z;42186;Daily ICU occupancy;6.829.209.606.986.890;2552147;42557;7461806;75465738;775457088;1920780409;577364316;3412990208
2021-04-11T00:00:00.000Z;41635;Daily ICU occupancy;6.829.209.606.986.890;2972139;37889;6903210;45529665;756564307;1878029927;574812169;3332798402
2021-04-10T00:00:00.000Z;41223;Daily ICU occupancy;6.829.209.606.986.890;2763193;53611;7507604;66177978;750723926;1855545494;571840030;3293114833
2021-04-09T00:00:00.000Z;41201;Daily ICU occupancy;6.829.209.606.986.890;3123115;60612;8657849;90768859;734681101;1813925128;569076837;3223890438
2021-04-08T00:00:00.000Z;41198;Daily ICU occupancy;6.829.209.606.986.890;3609560;60648;8968935;98259185;712770284;1777809493;565953722;3143574628
2021-04-07T00:00:00.000Z;41815;Daily ICU occupancy;683.286.403.508.772;2854967;65927;9212776;78679505;691350195;1726192959;562344162;3047633608
2021-04-06T00:00:00.000Z;40604;Daily ICU occupancy;683.286.403.508.772;2508941;51807;8215507;73460523;667123519;1668690771;559489195;2954187358
2021-04-05T00:00:00.000Z;39865;Daily ICU occupancy;683.286.403.508.772;2055855;34617;5797927;58950868;650832498;1635603216;556980254;2892822111
2021-04-04T00:00:00.000Z;39211;Daily ICU occupancy;683.286.403.508.772;2404665;30864;5848783;40300730;630342782;1590752991;554924399;2816225943
2021-04-03T00:00:00.000Z;38801;Daily ICU occupancy;683.286.403.508.772;2215171;39346;7201582;51359018;629550567;1571605356;552519734;2781879790
2021-04-02T00:00:00.000Z;38527;Daily ICU occupancy;683.286.403.508.772;2721152;44622;7618278;80040333;618531632;1537484344;550304563;2725917697
2021-04-01T00:00:00.000Z;38294;Daily ICU occupancy;683.286.403.508.772;3038943;52125;8865665;90228789;606759271;1505333826;547583411;2652712557
2021-03-31T00:00:00.000Z;38924;Daily ICU occupancy;683.286.403.508.772;2943250;54410;9043547;80579436;587254213;1470736884;544544468;2571177343
2021-03-30T00:00:00.000Z;38251;Daily ICU occupancy;683.286.403.508.772;2456620;50927;8011618;64927441;568393279;1414662192;541601218;2483958804
2021-03-29T00:00:00.000Z;36585;Daily ICU occupancy;683.286.403.508.772;1947629;37140;7174517;62071682;550334512;1384460306;539144598;2412111426
2021-03-28T00:00:00.000Z;33825;Daily ICU occupancy;683.286.403.508.772;2040906;30229;6917920;35828931;520151607;1326882743;537196969;2313115028
2021-03-27T00:00:00.000Z;36815;Daily ICU occupancy;683.286.403.508.772;2505037;42529;7148472;58033808;524083115;1328666600;535156063;2293793360
2021-03-26T00:00:00.000Z;36836;Daily ICU occupancy;683.286.403.508.772;2747185;54528;11236285;79310407;519138264;1309513917;532651026;2248085202
2021-03-25T00:00:00.000Z;36732;Daily ICU occupancy;683.286.403.508.772;2812969;49122;8763243;72008437;500037039;1270625682;529903841;2165196020
2021-03-24T00:00:00.000Z;37328;Daily ICU occupancy;683.286.403.508.772;2755444;45527;8748080;63383165;487503580;1243420953;527090872;2102648644
2021-03-23T00:00:00.000Z;36451;Daily ICU occupancy;683.286.403.508.772;2215517;48785;7671676;52498701;471343195;1197177516;524335428;2033652392
2021-03-22T00:00:00.000Z;36239;Daily ICU occupancy;683.286.403.508.772;1805256;34654;6252082;58037591;460489400;1177316488;522119911;1986414281
2021-03-21T00:00:00.000Z;35625;Daily ICU occupancy;683.286.403.508.772;1883882;35246;5400777;18394085;448812220;1138792198;520314655;1838324343
2021-03-20T00:00:00.000Z;35383;Daily ICU occupancy;683.286.403.508.772;2140340;36559;6572171;65886589;447590686;1135357636;518430773;1906703672
2021-03-19T00:00:00.000Z;35538;Daily ICU occupancy;683.286.403.508.772;2417049;45655;7808546;51402953;437594134;1099071814;516290433;1761130382
2021-03-18T00:00:00.000Z;35468;Daily ICU occupancy;683.286.403.508.772;2358443;45207;8291718;43445375;423906406;1070655531;513873384;1712127166
2021-03-17T00:00:00.000Z;36139;Daily ICU occupancy;683.286.403.508.772;2378767;45004;8522460;44136808;413211704;1040344110;511514941;1670496800
2021-03-16T00:00:00.000Z;35555;Daily ICU occupancy;683.286.403.508.772;2016337;45226;7813005;40574082;394895237;1006838641;509136174;1623277535
2021-03-15T00:00:00.000Z;35409;Daily ICU occupancy;683.286.403.508.772;1508414;32650;6792048;40036753;383070182;980392806;507119837;1578974345
2021-03-14T00:00:00.000Z;35037;Daily ICU occupancy;683.286.403.508.772;1572822;24697;5160430;53141688;368057534;948268347;505611423;1596700787
2021-03-13T00:00:00.000Z;34841;Daily ICU occupancy;6.862.964.757.709.250;1959145;35274;6252759;32433549;366062884;936751630;504038601;1480372980
2021-03-12T00:00:00.000Z;35028;Daily ICU occupancy;6.862.964.757.709.250;2107877;41843;8026029;42321468;355865940;910342487;502079456;1446616665
2021-03-11T00:00:00.000Z;35168;Daily ICU occupancy;6.862.964.757.709.250;2068893;43099;7902730;38152804;344604114;891887037;499971579;1421391834
2021-03-10T00:00:00.000Z;36016;Daily ICU occupancy;6.862.964.757.709.250;2042770;43565;7728175;40526282;331477892;863765547;497902686;1375626130
2021-03-09T00:00:00.000Z;35601;Daily ICU occupancy;6.862.964.757.709.250;1787088;45125;6759857;34545765;318946469;838481776;495859916;1337510258
2021-03-08T00:00:00.000Z;35748;Daily ICU occupancy;6.862.964.757.709.250;1284489;31034;5891556;31232695;309264745;810410971;494072828;1299586933
2021-03-07T00:00:00.000Z;35430;Daily ICU occupancy;6.862.964.757.709.250;1596725;24721;5208544;15313046;299590733;784698547;492788339;1267326573
2021-03-06T00:00:00.000Z;35501;Daily ICU occupancy;6.862.964.757.709.250;1777191;33948;6383196;28769167;296259885;771439451;491191614;1245658953
2021-03-05T00:00:00.000Z;35952;Daily ICU occupancy;6.862.964.757.709.250;1931661;44880;7591609;36600793;287644698;750888809;489414423;1217201316
2021-03-04T00:00:00.000Z;36180;Daily ICU occupancy;6.862.964.757.709.250;1967643;43930;7533056;39134730;277669212;730022927;487482762;1188909245
2021-03-03T00:00:00.000Z;37129;Daily ICU occupancy;6.862.964.757.709.250;1921146;49849;7350925;33836418;267684004;704251616;485515119;1148465440
2021-03-02T00:00:00.000Z;33239;Daily ICU occupancy;6.862.964.757.709.250;1291257;44262;8943973;41327192;256095710;681892620;483593973;1114949170
2021-03-01T00:00:00.000Z;37121;Daily ICU occupancy;6.862.964.757.709.250;1294864;32920;5689136;22268037;244389123;645775073;482302716;1066148073
2021-02-28T00:00:00.000Z;37123;Daily ICU occupancy;6.862.964.757.709.250;1326095;26212;4873887;47192664;238992092;631676171;481007852;1097585065
2021-02-27T00:00:00.000Z;33787;Daily ICU occupancy;6.863.159.292.035.390;1697311;35649;6401558;21896827;234150652;622331529;479681757;995451716
2021-02-26T00:00:00.000Z;37799;Daily ICU occupancy;6.863.159.292.035.390;1898310;46050;7067043;29618537;228185683;606425933;477984446;971803860
2021-02-25T00:00:00.000Z;38275;Daily ICU occupancy;6.863.159.292.035.390;1943418;44786;7143757;30032156;217693391;590879677;476086136;945301460
2021-02-24T00:00:00.000Z;39714;Daily ICU occupancy;6.863.159.292.035.390;1922379;52747;6801547;26964327;208270161;574446091;474142718;919059122
2021-02-23T00:00:00.000Z;39643;Daily ICU occupancy;6.863.159.292.035.390;1679159;49626;6641744;22633063;200462343;558649476;472220339;888469557
2021-02-22T00:00:00.000Z;40110;Daily ICU occupancy;6.863.159.292.035.390;1251942;31624;5521516;17161073;183532792;533756335;470541180;866031238
2021-02-21T00:00:00.000Z;39285;Daily ICU occupancy;6.863.159.292.035.390;1356731;27130;4782333;9042695;177515574;519430639;469289238;844606427
2021-02-20T00:00:00.000Z;39728;Daily ICU occupancy;6.863.159.292.035.390;1589618;36599;6188369;16874502;173425599;517816619;467932507;838827933
2021-02-19T00:00:00.000Z;41267;Daily ICU occupancy;6.863.159.292.035.390;1757781;49779;6693619;22974726;167040293;502472299;466342889;816615709
2021-02-18T00:00:00.000Z;38467;Daily ICU occupancy;6.863.159.292.035.390;1756447;50445;6534649;26803960;158789052;483968849;464585108;800422062
2021-02-17T00:00:00.000Z;43916;Daily ICU occupancy;6.863.159.292.035.390;1659423;51035;6452901;24068407;150488091;469021955;462828661;773875062
2021-02-16T00:00:00.000Z;43569;Daily ICU occupancy;6.863.159.292.035.390;1534546;48577;6031721;20656907;142207686;454093807;461169238;749220634
2021-02-15T00:00:00.000Z;44223;Daily ICU occupancy;6.863.159.292.035.390;1195055;32103;5034293;17359989;135032530;442382575;459634692;729411581
2021-02-14T00:00:00.000Z;44389;Daily ICU occupancy;6.863.159.292.035.390;1298364;27929;4437324;8686884;129829137;422922853;458439637;700014183
2021-02-13T00:00:00.000Z;44985;Daily ICU occupancy;6.863.159.292.035.390;1604732;43534;5490255;16521199;125724468;424065086;457141273;700032777
2021-02-12T00:00:00.000Z;45790;Daily ICU occupancy;6.863.159.292.035.390;1827645;55358;6477944;25717771;120739009;411914629;455536541;680823410
2021-02-11T00:00:00.000Z;46540;Daily ICU occupancy;6.863.159.292.035.390;1889514;58361;6692952;23293927;113329732;386955058;453708896;658195500
2021-02-10T00:00:00.000Z;48714;Daily ICU occupancy;6.863.159.292.035.390;1881110;59614;6504359;22506197;105113953;372040476;451819382;634274899
2021-02-09T00:00:00.000Z;48432;Daily ICU occupancy;6.863.159.292.035.390;1721875;65871;6572293;47162207;98501414;358207547;449938272;652338241
2021-02-08T00:00:00.000Z;49168;Daily ICU occupancy;6.863.159.292.035.390;1448331;40661;5269710;15448288;91899788;345460331;448216397;563378625
2021-02-07T00:00:00.000Z;49245;Daily ICU occupancy;6.863.159.292.035.390;1485519;30637;4603444;6898049;87562387;337792409;446768066;549392436
2021-02-06T00:00:00.000Z;49809;Daily ICU occupancy;6.863.159.292.035.390;1822810;47753;5853704;14126129;84229069;332233265;445282547;540932447
2021-02-05T00:00:00.000Z;50701;Daily ICU occupancy;6.863.159.292.035.390;2292969;72770;6683008;21501252;80863398;322492067;443459737;526561276
2021-02-04T00:00:00.000Z;51567;Daily ICU occupancy;6.863.159.292.035.390;1994783;55546;7366244;22315846;75676423;309747998;441166768;507359687
2021-02-03T00:00:00.000Z;53797;Daily ICU occupancy;6.863.159.292.035.390;2246240;68128;7233546;41395139;68869263;295744028;439171985;516128496
2021-02-02T00:00:00.000Z;52821;Daily ICU occupancy;6.863.159.292.035.390;1985520;66162;6560176;15694644;62506356;283176169;436925745;443038860
2021-02-01T00:00:00.000Z;53463;Daily ICU occupancy;6.863.159.292.035.390;1900130;44890;5514181;14022612;57549632;273801939;434940225;427462327
2021-01-31T00:00:00.000Z;53634;Daily ICU occupancy;6.863.159.292.035.390;1624237;36565;5049450;11382928;53148307;265421632;433040095;437229747
2021-01-30T00:00:00.000Z;53839;Daily ICU occupancy;6.863.159.292.035.390;2186116;57106;6474555;12523655;50752045;260386638;431415858;401374102
2021-01-29T00:00:00.000Z;54385;Daily ICU occupancy;6.863.159.292.035.390;2510067;65296;7264877;18812781;48175298;250588058;429229742;388067285
2021-01-28T00:00:00.000Z;55058;Daily ICU occupancy;6.863.159.292.035.390;2592851;72520;9061932;19068239;44589226;238636772;426719675;370688407
2021-01-27T00:00:00.000Z;57377;Daily ICU occupancy;6.863.159.292.035.390;2579469;73384;7216814;40157686;40133832;225583216;424126824;374396119
2021-01-26T00:00:00.000Z;56322;Daily ICU occupancy;6.863.159.292.035.390;2381975;73825;7036183;14680073;35762167;214099948;421547355;311493213
2021-01-25T00:00:00.000Z;56561;Daily ICU occupancy;6.863.159.292.035.390;2069356;47420;5821951;13341110;31533920;204661166;419165380;296636589
2021-01-24T00:00:00.000Z;56447;Daily ICU occupancy;6.863.159.292.035.390;1936358;38732;5144811;6270923;27950426;195970823;417096024;283741505
2021-01-23T00:00:00.000Z;56469;Daily ICU occupancy;6.893.662.222.222.220;2402959;58085;6871906;10176898;26389263;190078386;415159666;276333683
2021-01-22T00:00:00.000Z;57202;Daily ICU occupancy;6.893.662.222.222.220;2815712;68358;7611893;15807310;25094959;183061530;412756707;266912672
2021-01-21T00:00:00.000Z;57478;Daily ICU occupancy;6.893.662.222.222.220;2777792;72419;7475086;14911555;23463474;169585666;409940995;250864180
2021-01-20T00:00:00.000Z;59288;Daily ICU occupancy;6.894.133.928.571.420;2980350;76573;7891467;28994541;20959417;158117030;407163203;251011146
2021-01-19T00:00:00.000Z;58326;Daily ICU occupancy;6.894.133.928.571.420;2498523;71405;7046854;12602772;18069316;147073534;404182853;206776470
2021-01-18T00:00:00.000Z;58534;Daily ICU occupancy;6.894.133.928.571.420;2217114;41444;5829669;10049550;15669587;137790921;401684330;194124263
2021-01-17T00:00:00.000Z;58199;Daily ICU occupancy;6.894.133.928.571.420;2201034;38326;4883348;4938151;14053781;129438948;399467216;183219313
2021-01-16T00:00:00.000Z;58229;Daily ICU occupancy;6.894.133.928.571.420;2715963;57670;6256943;7545727;13381516;125567312;397266182;178501650
2021-01-15T00:00:00.000Z;58504;Daily ICU occupancy;6.894.133.928.571.420;3246385;63758;7372445;11851919;12967963;120222743;394550219;171541335
2021-01-14T00:00:00.000Z;57466;Daily ICU occupancy;6.894.133.928.571.420;3196681;65857;7653998;12219343;12292355;111078191;391303834;159493003
2021-01-13T00:00:00.000Z;60052;Daily ICU occupancy;692.504.932.735.426;3176617;71710;7395746;14525487;11423669;102423243;388107153;158426357
2021-01-12T00:00:00.000Z;58605;Daily ICU occupancy;692.504.932.735.426;2970281;73069;9905013;9112197;10044616;91972925;384930536;132795761
2021-01-11T00:00:00.000Z;58302;Daily ICU occupancy;692.504.932.735.426;2584023;43232;5975034;7742149;8578741;84868626;381960255;123683436
2021-01-10T00:00:00.000Z;57553;Daily ICU occupancy;692.504.932.735.426;2452261;37126;5036470;10459039;7383135;79500461;379376232;115614171
2021-01-09T00:00:00.000Z;57060;Daily ICU occupancy;692.504.932.735.426;3160524;53898;6275463;17490660;4516563;65151677;376923971;111637227
2021-01-08T00:00:00.000Z;57166;Daily ICU occupancy;692.504.932.735.426;3473114;65552;7270461;7801143;3998998;62418216;373763447;85338445
2021-01-07T00:00:00.000Z;57032;Daily ICU occupancy;692.504.932.735.426;3794755;64282;7337550;7425893;2547272;56574474;370290333;77413009
2021-01-06T00:00:00.000Z;58194;Daily ICU occupancy;692.504.932.735.426;3343645;63964;7246300;6355464;1425549;50383321;366495578;69900953
2021-01-05T00:00:00.000Z;56723;Daily ICU occupancy;692.504.932.735.426;3156059;66394;6757445;7992873;738092;45348804;363151933;63555512
2021-01-04T00:00:00.000Z;56504;Daily ICU occupancy;692.504.932.735.426;2337900;43263;5558946;4699451;386833;40218320;359995874;54756691
2021-01-03T00:00:00.000Z;55907;Daily ICU occupancy;692.504.932.735.426;2163949;32086;4151156;1671269;204644;35697256;357657974;49938061
2021-01-02T00:00:00.000Z;55006;Daily ICU occupancy;692.504.932.735.426;2429345;35586;4311952;4119773;194980;34806446;355494025;49019578
2021-01-01T00:00:00.000Z;51217;Daily ICU occupancy;692.504.932.735.426;2421823;41171;5003002;905062;183489;29869012;353064680;44046922
2020-12-31T00:00:00.000Z;51457;Daily ICU occupancy;692.504.932.735.426;3490360;56159;6779423;11991638;158817;29045047;350642857;47723250
2020-12-30T00:00:00.000Z;55942;Daily ICU occupancy;692.504.932.735.426;3132541;66818;7296495;4803663;146241;26229016;347152497;31243195
2020-12-29T00:00:00.000Z;54688;Daily ICU occupancy;692.504.932.735.426;2835065;65162;6363382;4068540;115879;21489319;344019956;26427374
2020-12-28T00:00:00.000Z;54186;Daily ICU occupancy;692.504.932.735.426;2084940;41442;6613908;3152315;92096;17498529;341184891;22360009
2020-12-27T00:00:00.000Z;53390;Daily ICU occupancy;692.504.932.735.426;1714684;32580;4359805;1060285;75695;14409534;339099951;19198965
2020-12-26T00:00:00.000Z;52664;Daily ICU occupancy;692.504.932.735.426;2123346;31915;4557423;715220;72816;13246563;337385267;16522955
2020-12-25T00:00:00.000Z;48960;Daily ICU occupancy;692.504.932.735.426;2061113;36881;4917430;237572;69088;12546809;335261921;15807613
2020-12-24T00:00:00.000Z;49149;Daily ICU occupancy;692.504.932.735.426;2913272;50176;6888769;1168489;68684;12367897;333200808;17128105
2020-12-23T00:00:00.000Z;53759;Daily ICU occupancy;692.504.932.735.426;2927696;59079;7987698;2695671;64468;11160338;330287536;14400818
2020-12-22T00:00:00.000Z;52583;Daily ICU occupancy;692.504.932.735.426;2815375;60998;7430145;2034914;53212;8579106;327359840;13270182
2020-12-21T00:00:00.000Z;52231;Daily ICU occupancy;692.504.932.735.426;2315354;41144;6334190;1652310;42052;6473688;324544465;9631268
2020-12-20T00:00:00.000Z;51704;Daily ICU occupancy;692.504.932.735.426;2248075;34224;5265550;451817;36336;4847005;322229111;7978957
2020-12-19T00:00:00.000Z;49976;Daily ICU occupancy;692.504.932.735.426;2602487;46593;6557069;730245;33676;4402638;319981036;7527126
2020-12-18T00:00:00.000Z;51386;Daily ICU occupancy;692.504.932.735.426;3055173;55719;7261254;1672445;29588;3687755;317378549;5296711
2020-12-17T00:00:00.000Z;51470;Daily ICU occupancy;692.504.932.735.426;3134013;57180;7166374;1102194;24964;2049318;314323376;3624266
2020-12-16T00:00:00.000Z;52520;Daily ICU occupancy;692.504.932.735.426;3058720;59668;6736881;645121;22168;975172;311189363;2522072
2020-12-15T00:00:00.000Z;51449;Daily ICU occupancy;692.504.932.735.426;2781817;59604;6049697;1756683;20384;408232;308130643;6433948
2020-12-14T00:00:00.000Z;51248;Daily ICU occupancy;692.504.932.735.426;2264372;39586;5067155;17879;19428;103443;305348826;120255
2020-12-13T00:00:00.000Z;50721;Daily ICU occupancy;692.504.932.735.426;2244420;33281;4954712;51156;19024;86123;303084454;102371
2020-12-12T00:00:00.000Z;50176;Daily ICU occupancy;692.504.932.735.426;2690812;45734;4941507;0;0;59;300840034;59
2020-12-11T00:00:00.000Z;50400;Daily ICU occupancy;692.504.932.735.426;2978292;56332;5944261;16;0;59;298149222;59
2020-12-10T00:00:00.000Z;50324;Daily ICU occupancy;692.504.932.735.426;2875357;54445;6808904;4;0;43;295170930;43
2020-12-09T00:00:00.000Z;51194;Daily ICU occupancy;692.504.932.735.426;2829980;54207;6619713;8;0;47;289002673;47
2020-12-08T00:00:00.000Z;50027;Daily ICU occupancy;692.504.932.735.426;2702288;52939;6127660;24;0;38;286172693;38
2020-12-07T00:00:00.000Z;49823;Daily ICU occupancy;692.504.932.735.426;2193034;37682;5229989;3;0;14;283470405;14
2020-12-06T00:00:00.000Z;49370;Daily ICU occupancy;692.504.932.735.426;2237713;32955;4839839;0;0;6;281277371;6
2020-12-05T00:00:00.000Z;49192;Daily ICU occupancy;692.504.932.735.426;2720226;44078;5822353;0;0;6;279039658;6
2020-12-04T00:00:00.000Z;49533;Daily ICU occupancy;692.504.932.735.426;2889320;53801;6832831;3;0;9;276319432;9
2020-12-03T00:00:00.000Z;49662;Daily ICU occupancy;692.504.932.735.426;2915799;54325;6273244;0;0;3;273430112;3
2020-12-02T00:00:00.000Z;50584;Daily ICU occupancy;692.504.932.735.426;2721602;54526;6020495;0;0;3;270514313;3
2020-12-01T00:00:00.000Z;49920;Daily ICU occupancy;692.504.932.735.426;2621472;55244;8417840;0;0;5;267792711;5
2020-11-30T00:00:00.000Z;50033;Daily ICU occupancy;692.504.932.735.426;2128343;38955;4990761;0;0;0;265171239;0
2020-11-29T00:00:00.000Z;49394;Daily ICU occupancy;692.504.932.735.426;2020095;31313;4729548;0;0;0;263042896;0
2020-11-28T00:00:00.000Z;49096;Daily ICU occupancy;692.504.932.735.426;2524595;39868;5396450;0;0;0;261022801;0
2020-11-27T00:00:00.000Z;49264;Daily ICU occupancy;692.504.932.735.426;2926181;50178;6159036;0;0;0;258498206;0
2020-11-26T00:00:00.000Z;49129;Daily ICU occupancy;692.504.932.735.426;2523163;47958;6113232;0;0;0;255572025;0
2020-11-25T00:00:00.000Z;49817;Daily ICU occupancy;692.504.932.735.426;2686355;52456;6688995;0;0;0;253048862;0
2020-11-24T00:00:00.000Z;49124;Daily ICU occupancy;692.504.932.735.426;2526960;55568;6238574;0;0;0;250362507;0
2020-11-23T00:00:00.000Z;49030;Daily ICU occupancy;692.504.932.735.426;2264162;37356;5244018;0;0;0;247835547;0
2020-11-22T00:00:00.000Z;48637;Daily ICU occupancy;692.504.932.735.426;2052984;31836;4977638;0;0;0;245571385;0
2020-11-21T00:00:00.000Z;47821;Daily ICU occupancy;692.504.932.735.426;2498523;38819;5966432;0;0;0;243518401;0
2020-11-20T00:00:00.000Z;47733;Daily ICU occupancy;692.504.932.735.426;2879937;51310;6760292;0;0;0;241019878;0
2020-11-19T00:00:00.000Z;47794;Daily ICU occupancy;692.504.932.735.426;2808795;47992;6649487;0;0;0;238139941;0
2020-11-18T00:00:00.000Z;47976;Daily ICU occupancy;692.504.932.735.426;2697082;49550;6536440;0;0;0;235331146;0
2020-11-17T00:00:00.000Z;47309;Daily ICU occupancy;6.923.216.216.216.210;2644055;48593;5926034;0;0;0;232634064;0
2020-11-16T00:00:00.000Z;46544;Daily ICU occupancy;6.923.216.216.216.210;2281145;34818;5156476;0;0;0;229990009;0
2020-11-15T00:00:00.000Z;45695;Daily ICU occupancy;6.923.216.216.216.210;2036500;28539;4590823;0;0;0;227708864;0
2020-11-14T00:00:00.000Z;44768;Daily ICU occupancy;6.923.216.216.216.210;2492725;38795;5556347;0;0;0;225672364;0
2020-11-13T00:00:00.000Z;44366;Daily ICU occupancy;6.923.216.216.216.210;2845676;42607;6565110;0;0;0;223179639;0
2020-11-12T00:00:00.000Z;43794;Daily ICU occupancy;6.923.216.216.216.210;2786414;42126;6697009;0;0;0;220333963;0
2020-11-11T00:00:00.000Z;43407;Daily ICU occupancy;6.923.216.216.216.210;2729496;45667;6076159;0;0;0;217547549;0
2020-11-10T00:00:00.000Z;42413;Daily ICU occupancy;6.923.216.216.216.210;2494315;44125;5912889;0;0;0;214818053;0
2020-11-09T00:00:00.000Z;41896;Daily ICU occupancy;6.922.656.108.597.280;2181872;31258;4963933;0;0;0;212323738;0
2020-11-08T00:00:00.000Z;40977;Daily ICU occupancy;6.922.656.108.597.280;2110324;26082;4776948;0;0;0;210141866;0
2020-11-07T00:00:00.000Z;39860;Daily ICU occupancy;6.922.656.108.597.280;2610122;32896;5614730;0;0;0;208031542;0
2020-11-06T00:00:00.000Z;39365;Daily ICU occupancy;6.922.656.108.597.280;2729459;39601;6394049;0;0;0;205421420;0
2020-11-05T00:00:00.000Z;38771;Daily ICU occupancy;6.922.656.108.597.280;2723801;37480;6382233;0;0;0;202691961;0
2020-11-04T00:00:00.000Z;38478;Daily ICU occupancy;6.922.656.108.597.280;2413805;44276;6271414;0;0;0;199968160;0
2020-11-03T00:00:00.000Z;37239;Daily ICU occupancy;6.922.656.108.597.280;2433208;41172;5522558;0;0;0;197786650;0
2020-11-02T00:00:00.000Z;36199;Daily ICU occupancy;6.922.656.108.597.280;2515681;26688;4644027;0;0;0;195353442;0
2020-11-01T00:00:00.000Z;35072;Daily ICU occupancy;6.922.656.108.597.280;1902228;21794;4455018;0;0;0;192837761;0
2020-10-31T00:00:00.000Z;34142;Daily ICU occupancy;6.922.656.108.597.280;2057167;27992;7840125;0;0;0;190935533;0
2020-10-30T00:00:00.000Z;33654;Daily ICU occupancy;6.922.656.108.597.280;2527949;32827;6201773;0;0;0;188878366;0
2020-10-29T00:00:00.000Z;32867;Daily ICU occupancy;6.922.656.108.597.280;2425995;30513;6018800;0;0;0;186350417;0
2020-10-28T00:00:00.000Z;32336;Daily ICU occupancy;6.922.656.108.597.280;2266043;30400;5955574;0;0;0;183924422;0
2020-10-27T00:00:00.000Z;31044;Daily ICU occupancy;6.920.622.727.272.720;2054891;31716;5472833;0;0;0;181658379;0
2020-10-26T00:00:00.000Z;30160;Daily ICU occupancy;6.920.622.727.272.720;2166793;23923;4653264;0;0;0;179603488;0
2020-10-25T00:00:00.000Z;29033;Daily ICU occupancy;6.920.622.727.272.720;1539722;17666;4274965;0;0;0;177436695;0
2020-10-24T00:00:00.000Z;28338;Daily ICU occupancy;6.920.622.727.272.720;1954652;24450;5216932;0;0;0;175896973;0
2020-10-23T00:00:00.000Z;27799;Daily ICU occupancy;6.920.622.727.272.720;2168167;29527;6235747;0;0;0;173942321;0
2020-10-22T00:00:00.000Z;27156;Daily ICU occupancy;6.920.622.727.272.720;2059626;24822;6233474;0;0;0;171774154;0
2020-10-21T00:00:00.000Z;26748;Daily ICU occupancy;6.920.622.727.272.720;1913326;28491;5662138;0;0;0;169714528;0
2020-10-20T00:00:00.000Z;25701;Daily ICU occupancy;6.920.622.727.272.720;1669295;27681;5207181;0;0;0;167801202;0
2020-10-19T00:00:00.000Z;25116;Daily ICU occupancy;6.920.622.727.272.720;1626823;19781;4245510;0;0;0;166131907;0
2020-10-18T00:00:00.000Z;24239;Daily ICU occupancy;6.915.721.461.187.210;1410077;15925;3913747;0;0;0;164505084;0
2020-10-17T00:00:00.000Z;23715;Daily ICU occupancy;6.915.721.461.187.210;1580208;23315;4759452;0;0;0;163095007;0
2020-10-16T00:00:00.000Z;23362;Daily ICU occupancy;6.915.721.461.187.210;1750853;25742;5287403;0;0;0;161514799;0
2020-10-15T00:00:00.000Z;22948;Daily ICU occupancy;6.915.721.461.187.210;1746425;25487;5340393;0;0;0;159763946;0
2020-10-14T00:00:00.000Z;22737;Daily ICU occupancy;6.915.721.461.187.210;1619802;25516;5240218;0;0;0;158017521;0
2020-10-13T00:00:00.000Z;22275;Daily ICU occupancy;6.915.721.461.187.210;1348046;22296;4786797;0;0;0;156397719;0
2020-10-12T00:00:00.000Z;21561;Daily ICU occupancy;6.915.721.461.187.210;1254165;16878;3832954;0;0;0;155049673;0
2020-10-11T00:00:00.000Z;20992;Daily ICU occupancy;691.395.871.559.633;1202396;16781;3789428;0;0;0;153795508;0
2020-10-10T00:00:00.000Z;20784;Daily ICU occupancy;691.395.871.559.633;1489170;19932;4710093;0;0;0;152593112;0
2020-10-09T00:00:00.000Z;20546;Daily ICU occupancy;691.395.871.559.633;1519917;25354;5454077;0;0;0;151103942;0
2020-10-08T00:00:00.000Z;20247;Daily ICU occupancy;691.395.871.559.633;1511028;25943;5371146;0;0;0;149584025;0
2020-10-07T00:00:00.000Z;20404;Daily ICU occupancy;691.395.871.559.633;1460901;24096;5246435;0;0;0;148072997;0
2020-10-06T00:00:00.000Z;19897;Daily ICU occupancy;691.395.871.559.633;1309944;24100;4648324;0;0;0;146612096;0
2020-10-05T00:00:00.000Z;19531;Daily ICU occupancy;691.395.871.559.633;1303306;28684;3893853;0;0;0;145302152;0
2020-10-04T00:00:00.000Z;19129;Daily ICU occupancy;691.395.871.559.633;1068286;16190;3572359;0;0;0;143998846;0
2020-10-03T00:00:00.000Z;18683;Daily ICU occupancy;691.395.871.559.633;1227769;19295;3802896;0;0;0;142930560;0
2020-10-02T00:00:00.000Z;18608;Daily ICU occupancy;691.395.871.559.633;1368480;23166;4356979;0;0;0;141702791;0
2020-10-01T00:00:00.000Z;18456;Daily ICU occupancy;691.395.871.559.633;1321592;36025;5061386;0;0;0;140334311;0
2020-09-30T00:00:00.000Z;18728;Daily ICU occupancy;691.395.871.559.633;1356667;26487;4762673;0;0;0;139012719;0
2020-09-29T00:00:00.000Z;18274;Daily ICU occupancy;691.395.871.559.633;1153736;24672;4444786;0;0;0;137656052;0
2020-09-28T00:00:00.000Z;17987;Daily ICU occupancy;691.395.871.559.633;1105487;16704;3267730;0;0;0;136502316;0
2020-09-27T00:00:00.000Z;17890;Daily ICU occupancy;691.395.871.559.633;1017330;15537;3332142;0;0;0;135396829;0
2020-09-26T00:00:00.000Z;17556;Daily ICU occupancy;691.395.871.559.633;1166492;21979;4374943;0;0;0;134379499;0
2020-09-25T00:00:00.000Z;17391;Daily ICU occupancy;691.395.871.559.633;1371519;24485;5021389;0;0;0;133213007;0
2020-09-24T00:00:00.000Z;17202;Daily ICU occupancy;691.395.871.559.633;1327565;23043;4773612;0;0;0;131841488;0
2020-09-23T00:00:00.000Z;17406;Daily ICU occupancy;691.395.871.559.633;1288935;26573;4524802;0;0;0;130513923;0
2020-09-22T00:00:00.000Z;16850;Daily ICU occupancy;691.395.871.559.633;1170994;25143;4156845;0;0;0;129224988;0
2020-09-21T00:00:00.000Z;16718;Daily ICU occupancy;691.395.871.559.633;1092055;17957;3371309;0;0;0;128053994;0
2020-09-20T00:00:00.000Z;16408;Daily ICU occupancy;691.395.871.559.633;1044752;16000;3517881;0;0;0;126961939;0
2020-09-19T00:00:00.000Z;16231;Daily ICU occupancy;691.395.871.559.633;1194548;21396;3919516;0;0;0;125917187;0
2020-09-18T00:00:00.000Z;16269;Daily ICU occupancy;691.395.871.559.633;1356167;23806;4667829;0;0;0;124722639;0
2020-09-17T00:00:00.000Z;16129;Daily ICU occupancy;691.395.871.559.633;1296656;22929;4636237;0;0;0;123366472;0
2020-09-16T00:00:00.000Z;16489;Daily ICU occupancy;691.395.871.559.633;1255968;23919;4575185;0;0;0;122069816;0
2020-09-15T00:00:00.000Z;16040;Daily ICU occupancy;691.395.871.559.633;1149758;26659;4249426;0;0;0;120813848;0
2020-09-14T00:00:00.000Z;16006;Daily ICU occupancy;691.395.871.559.633;1116047;18599;3678252;0;0;0;119664090;0
2020-09-13T00:00:00.000Z;15885;Daily ICU occupancy;691.395.871.559.633;1007060;15902;3368090;0;0;0;118548043;0
2020-09-12T00:00:00.000Z;15825;Daily ICU occupancy;691.395.871.559.633;1176307;20322;4003315;0;0;0;117540983;0
2020-09-11T00:00:00.000Z;16232;Daily ICU occupancy;691.395.871.559.633;1300651;24221;4633722;0;0;0;116364676;0
2020-09-10T00:00:00.000Z;15997;Daily ICU occupancy;691.395.871.559.633;1245928;24258;4469441;0;0;0;115064025;0
2020-09-09T00:00:00.000Z;16365;Daily ICU occupancy;691.395.871.559.633;1169110;25218;4285886;0;0;0;113818097;0
2020-09-08T00:00:00.000Z;16032;Daily ICU occupancy;691.395.871.559.633;1008161;20767;3889901;0;0;0;112648987;0
2020-09-07T00:00:00.000Z;15959;Daily ICU occupancy;691.395.871.559.633;912908;23223;2942288;0;0;0;111640826;0
2020-09-06T00:00:00.000Z;15687;Daily ICU occupancy;6.908.695.852.534.560;933079;16583;3291432;0;0;0;110727918;0
2020-09-05T00:00:00.000Z;15604;Daily ICU occupancy;6.908.695.852.534.560;1107545;20588;3692026;0;0;0;109794839;0
2020-09-04T00:00:00.000Z;15724;Daily ICU occupancy;6.908.695.852.534.560;1234658;23733;4317073;0;0;0;108687294;0
2020-09-03T00:00:00.000Z;15711;Daily ICU occupancy;6.908.695.852.534.560;1167438;24577;4457284;0;0;0;107452636;0
2020-09-02T00:00:00.000Z;16257;Daily ICU occupancy;6.908.695.852.534.560;1153125;25340;4216066;0;0;0;106285198;0
2020-09-01T00:00:00.000Z;15793;Daily ICU occupancy;6.908.695.852.534.560;1085386;26596;3881586;0;0;0;105132073;0
2020-08-31T00:00:00.000Z;15559;Daily ICU occupancy;6.908.695.852.534.560;1095492;17904;3319319;0;0;0;104046687;0
2020-08-30T00:00:00.000Z;15479;Daily ICU occupancy;6.908.695.852.534.560;886024;17123;3223333;0;0;0;102951195;0
2020-08-29T00:00:00.000Z;15518;Daily ICU occupancy;6.908.695.852.534.560;1054282;23366;3561578;0;0;0;102065171;0
2020-08-28T00:00:00.000Z;15620;Daily ICU occupancy;6.908.695.852.534.560;1162453;23452;3977202;0;0;0;101010889;0
2020-08-27T00:00:00.000Z;15556;Daily ICU occupancy;6.908.695.852.534.560;1177425;25056;4035671;0;0;0;99848436;0
2020-08-26T00:00:00.000Z;16257;Daily ICU occupancy;6.908.695.852.534.560;1143701;26303;3886381;0;0;0;98671011;0
2020-08-25T00:00:00.000Z;16130;Daily ICU occupancy;6.908.695.852.534.560;996019;26482;3704656;0;0;0;97527310;0
2020-08-24T00:00:00.000Z;16211;Daily ICU occupancy;6.908.695.852.534.560;943392;19481;2919638;0;0;0;96531291;0
2020-08-23T00:00:00.000Z;16186;Daily ICU occupancy;6.908.695.852.534.560;824418;17307;2833763;0;0;0;95587899;0
2020-08-22T00:00:00.000Z;16178;Daily ICU occupancy;6.908.695.852.534.560;1057341;23335;3231485;0;0;0;94763481;0
2020-08-21T00:00:00.000Z;16373;Daily ICU occupancy;6.908.695.852.534.560;1074124;23132;3448838;0;0;0;93706140;0
2020-08-20T00:00:00.000Z;16547;Daily ICU occupancy;6.908.695.852.534.560;1101601;25931;3867259;0;0;0;92632016;0
2020-08-19T00:00:00.000Z;17105;Daily ICU occupancy;6.908.695.852.534.560;1130174;28281;3796477;0;0;0;91530415;0
2020-08-18T00:00:00.000Z;17229;Daily ICU occupancy;6.908.695.852.534.560;1049196;28376;3559878;0;0;0;90400241;0
2020-08-17T00:00:00.000Z;17223;Daily ICU occupancy;6.908.695.852.534.560;878019;18586;2958745;0;0;0;89351045;0
2020-08-16T00:00:00.000Z;17174;Daily ICU occupancy;6.908.695.852.534.560;850008;19210;2734873;0;0;0;88473026;0
2020-08-15T00:00:00.000Z;16936;Daily ICU occupancy;6.908.695.852.534.560;1001751;24326;3292363;0;0;0;87623018;0
2020-08-14T00:00:00.000Z;17729;Daily ICU occupancy;6.908.695.852.534.560;1248010;26461;3729378;0;0;0;86621267;0
2020-08-13T00:00:00.000Z;17835;Daily ICU occupancy;6.908.695.852.534.560;1176972;27325;3579727;0;0;0;85373257;0
2020-08-12T00:00:00.000Z;18202;Daily ICU occupancy;6.908.695.852.534.560;1116970;27998;3541916;0;0;0;84196285;0
2020-08-11T00:00:00.000Z;18080;Daily ICU occupancy;6.908.695.852.534.560;1067550;26555;3238430;0;0;0;83079315;0
2020-08-10T00:00:00.000Z;18211;Daily ICU occupancy;6.908.695.852.534.560;957337;21610;3176413;0;0;0;82011765;0
2020-08-09T00:00:00.000Z;18185;Daily ICU occupancy;6.908.695.852.534.560;938685;20752;2720756;0;0;0;81054428;0
2020-08-08T00:00:00.000Z;18229;Daily ICU occupancy;6.908.695.852.534.560;1064404;24141;2945621;0;0;0;80115743;0
2020-08-07T00:00:00.000Z;18472;Daily ICU occupancy;6.908.695.852.534.560;1147010;27085;3393153;0;0;0;79051339;0
2020-08-06T00:00:00.000Z;18634;Daily ICU occupancy;6.908.695.852.534.560;1157604;27394;3320835;0;0;0;77904329;0
2020-08-05T00:00:00.000Z;18940;Daily ICU occupancy;6.908.695.852.534.560;1114409;29679;3174168;0;0;0;76746725;0
2020-08-04T00:00:00.000Z;18883;Daily ICU occupancy;6.908.695.852.534.560;1074266;28821;3016860;0;0;0;75632316;0
2020-08-03T00:00:00.000Z;18862;Daily ICU occupancy;6.908.695.852.534.560;837665;19289;2496280;0;0;0;74558050;0
2020-08-02T00:00:00.000Z;18685;Daily ICU occupancy;6.908.695.852.534.560;928142;18693;2287713;0;0;0;73720385;0
2020-08-01T00:00:00.000Z;19016;Daily ICU occupancy;6.908.695.852.534.560;990074;24090;2715426;0;0;0;72792243;0
2020-07-31T00:00:00.000Z;18940;Daily ICU occupancy;6.908.695.852.534.560;1166466;26444;3257795;0;0;0;71802169;0
2020-07-30T00:00:00.000Z;18902;Daily ICU occupancy;6.908.695.852.534.560;1131314;27124;3153285;0;0;0;70635703;0
2020-07-29T00:00:00.000Z;18314;Daily ICU occupancy;6.908.695.852.534.560;1092860;26727;3103412;0;0;0;69504389;0
2020-07-28T00:00:00.000Z;18801;Daily ICU occupancy;6.908.695.852.534.560;1064472;27911;2947943;0;0;0;68411529;0
2020-07-27T00:00:00.000Z;18555;Daily ICU occupancy;6.908.695.852.534.560;951128;21156;2611627;0;0;0;67347057;0
2020-07-26T00:00:00.000Z;16749;Daily ICU occupancy;6.908.695.852.534.560;855932;17486;2277346;0;0;0;66395929;0
2020-07-25T00:00:00.000Z;18696;Daily ICU occupancy;6.908.695.852.534.560;998196;24343;2753903;0;0;0;65539997;0
2020-07-24T00:00:00.000Z;17866;Daily ICU occupancy;6.908.695.852.534.560;1143929;25934;3008272;0;0;0;64541801;0
2020-07-23T00:00:00.000Z;18260;Daily ICU occupancy;6.908.695.852.534.560;1127331;26674;3004241;0;0;0;63397872;0
2020-07-22T00:00:00.000Z;16936;Daily ICU occupancy;6.908.695.852.534.560;1110180;29589;2987762;0;0;0;62270541;0
2020-07-21T00:00:00.000Z;15931;Daily ICU occupancy;6.908.695.852.534.560;974072;25529;2784559;0;0;0;61160361;0
2020-07-20T00:00:00.000Z;15755;Daily ICU occupancy;6.908.695.852.534.560;844825;15759;2435662;0;0;0;60186289;0
2020-07-19T00:00:00.000Z;14664;Daily ICU occupancy;6.908.695.852.534.560;850934;19607;2249021;0;0;0;59341464;0
2020-07-18T00:00:00.000Z;15414;Daily ICU occupancy;6.908.695.852.534.560;945314;26056;2644079;0;0;0;58490530;0
2020-07-17T00:00:00.000Z;14867;Daily ICU occupancy;6.908.695.852.534.560;956688;28104;2915820;0;0;0;57545216;0
2020-07-16T00:00:00.000Z;14170;Daily ICU occupancy;6.908.695.852.534.560;983668;24767;3054884;0;0;0;56588528;0
2020-07-15T00:00:00.000Z;13712;Daily ICU occupancy;6.908.695.852.534.560;923059;23808;2793098;0;0;0;55604860;0
2020-07-14T00:00:00.000Z;4470;Daily ICU occupancy;6.908.695.852.534.560;885444;24051;2560878;0;0;0;54681801;0
2020-07-13T00:00:00.000Z;4480;Daily ICU occupancy;6.908.695.852.534.560;789242;17609;2259856;0;0;0;53796357;0
2020-07-12T00:00:00.000Z;4519;Daily ICU occupancy;6.908.695.852.534.560;768561;17185;2102719;0;0;0;53007115;0
2020-07-11T00:00:00.000Z;4483;Daily ICU occupancy;6.908.695.852.534.560;856110;20498;2452349;0;0;0;52238554;0
2020-07-10T00:00:00.000Z;4502;Daily ICU occupancy;6.908.695.852.534.560;936631;23098;2758541;0;0;0;51382444;0
2020-07-09T00:00:00.000Z;4509;Daily ICU occupancy;6.908.695.852.534.560;899458;23325;2727672;0;0;0;50445813;0
2020-07-08T00:00:00.000Z;4398;Daily ICU occupancy;6.908.695.852.534.560;867410;22692;2621851;0;0;0;49546355;0
2020-07-07T00:00:00.000Z;4647;Daily ICU occupancy;6.908.695.852.534.560;838461;25658;2437232;0;0;0;48678945;0
2020-07-06T00:00:00.000Z;4670;Daily ICU occupancy;6.908.695.852.534.560;676419;16935;1999958;0;0;0;47840484;0
2020-07-05T00:00:00.000Z;4648;Daily ICU occupancy;6.908.695.852.534.560;746403;15250;1569555;0;0;0;47164065;0
2020-07-04T00:00:00.000Z;4658;Daily ICU occupancy;6.908.695.852.534.560;761892;19153;1776819;0;0;0;46417662;0
2020-07-03T00:00:00.000Z;4712;Daily ICU occupancy;6.908.695.852.534.560;816098;21072;2414293;0;0;0;45655770;0
2020-07-02T00:00:00.000Z;4737;Daily ICU occupancy;6.908.695.852.534.560;821267;22068;2428209;0;0;0;44839672;0
2020-07-01T00:00:00.000Z;4762;Daily ICU occupancy;6.908.695.852.534.560;865829;21628;2461002;0;0;0;44018405;0
2020-06-30T00:00:00.000Z;4186;Daily ICU occupancy;6.908.695.852.534.560;736671;21179;2337690;0;0;0;43152576;0
2020-06-29T00:00:00.000Z;3973;Daily ICU occupancy;6.908.695.852.534.560;615860;16200;1987735;0;0;0;42415905;0
2020-06-28T00:00:00.000Z;4247;Daily ICU occupancy;6.908.695.852.534.560;673350;14355;1888289;0;0;0;41800045;0
2020-06-27T00:00:00.000Z;4188;Daily ICU occupancy;6.908.695.852.534.560;710163;18835;2143322;0;0;0;41126695;0
2020-06-26T00:00:00.000Z;4228;Daily ICU occupancy;6.908.695.852.534.560;778037;20509;2354984;0;0;0;40416532;0
2020-06-25T00:00:00.000Z;4280;Daily ICU occupancy;6.908.695.852.534.560;721208;20501;2307374;0;0;0;39638495;0
2020-06-24T00:00:00.000Z;4355;Daily ICU occupancy;6.908.695.852.534.560;690009;22015;2249606;0;0;0;38917287;0
2020-06-23T00:00:00.000Z;4319;Daily ICU occupancy;6.908.695.852.534.560;677475;22629;2071577;0;0;0;38227278;0
2020-06-22T00:00:00.000Z;4403;Daily ICU occupancy;6.908.695.852.534.560;570360;15261;1778833;0;0;0;37549803;0
2020-06-21T00:00:00.000Z;4394;Daily ICU occupancy;6.908.695.852.534.560;375102;18427;1632613;0;0;0;36979443;0
2020-06-20T00:00:00.000Z;4397;Daily ICU occupancy;6.908.695.852.534.560;746441;18027;1978170;0;0;0;36604341;0
2020-06-19T00:00:00.000Z;4361;Daily ICU occupancy;6.908.695.852.534.560;729522;26693;2200094;0;0;0;35857900;0
2020-06-18T00:00:00.000Z;4392;Daily ICU occupancy;6.908.695.852.534.560;577413;21487;2539023;0;0;0;35128378;0
2020-06-17T00:00:00.000Z;4470;Daily ICU occupancy;6.908.695.852.534.560;577117;22224;2125384;0;0;0;34550965;0
2020-06-16T00:00:00.000Z;4468;Daily ICU occupancy;6.908.695.852.534.560;582529;28823;1986995;0;0;0;33973848;0
2020-06-15T00:00:00.000Z;4587;Daily ICU occupancy;6.908.695.852.534.560;501809;16102;1628920;0;0;0;33391319;0
2020-06-14T00:00:00.000Z;4642;Daily ICU occupancy;6.908.695.852.534.560;531456;14791;1571543;0;0;0;32889510;0
2020-06-13T00:00:00.000Z;4588;Daily ICU occupancy;6.908.695.852.534.560;538489;17813;1782674;0;0;0;32358054;0
2020-06-12T00:00:00.000Z;4649;Daily ICU occupancy;6.908.695.852.534.560;516688;19155;2026308;0;0;0;31819565;0
2020-06-11T00:00:00.000Z;4655;Daily ICU occupancy;6.908.695.852.534.560;544953;20499;2000873;0;0;0;31302877;0
2020-06-10T00:00:00.000Z;4883;Daily ICU occupancy;6.908.695.852.534.560;551030;22009;1979245;0;0;0;30757924;0
2020-06-09T00:00:00.000Z;4770;Daily ICU occupancy;6.908.695.852.534.560;509027;20802;1808929;0;0;0;30206894;0
2020-06-08T00:00:00.000Z;5065;Daily ICU occupancy;6.908.695.852.534.560;416232;17630;1552814;0;0;0;29697867;0
2020-06-07T00:00:00.000Z;5118;Daily ICU occupancy;6.908.695.852.534.560;447803;12657;1535440;0;0;0;29281635;0
2020-06-06T00:00:00.000Z;5119;Daily ICU occupancy;6.908.695.852.534.560;523618;16637;1829010;0;0;0;28833832;0
2020-06-05T00:00:00.000Z;5226;Daily ICU occupancy;6.908.695.852.534.560;539151;20851;1981270;0;0;0;28310214;0
2020-06-04T00:00:00.000Z;5234;Daily ICU occupancy;6.908.695.852.534.560;560693;22148;1969712;0;0;0;27771063;0
2020-06-03T00:00:00.000Z;5649;Daily ICU occupancy;6.908.695.852.534.560;444600;23105;1853097;0;0;0;27210370;0
2020-06-02T00:00:00.000Z;5810;Daily ICU occupancy;6.908.695.852.534.560;499813;21516;1723937;0;0;0;26765770;0
2020-06-01T00:00:00.000Z;5895;Daily ICU occupancy;6.908.695.852.534.560;400677;14726;1383090;0;0;0;26265957;0
2020-05-31T00:00:00.000Z;5899;Daily ICU occupancy;6.908.695.852.534.560;411808;12766;1398256;0;0;0;25865280;0
2020-05-30T00:00:00.000Z;5945;Daily ICU occupancy;6.908.695.852.534.560;544636;17474;1642130;0;0;0;25453472;0
2020-05-29T00:00:00.000Z;6071;Daily ICU occupancy;6.908.695.852.534.560;490989;21104;1953114;0;0;0;24908836;0
2020-05-28T00:00:00.000Z;6174;Daily ICU occupancy;6.908.695.852.534.560;487883;20564;1726418;0;0;0;24417847;0
2020-05-27T00:00:00.000Z;6311;Daily ICU occupancy;6.908.695.852.534.560;413700;21955;1719959;0;0;0;23929964;0
2020-05-26T00:00:00.000Z;6524;Daily ICU occupancy;6.908.695.852.534.560;375740;19366;1554118;0;0;0;23516264;0
2020-05-25T00:00:00.000Z;6703;Daily ICU occupancy;6.908.695.852.534.560;354305;4548;1305347;0;0;0;23140524;0
2020-05-24T00:00:00.000Z;6781;Daily ICU occupancy;6.908.695.852.534.560;375423;14126;1252836;0;0;0;22786219;0
2020-05-23T00:00:00.000Z;6875;Daily ICU occupancy;6.908.695.852.534.560;420210;17974;1499702;0;0;0;22410796;0
2020-05-22T00:00:00.000Z;7000;Daily ICU occupancy;6.908.695.852.534.560;436425;23912;1632919;0;0;0;21990586;0
2020-05-21T00:00:00.000Z;7152;Daily ICU occupancy;6.908.695.852.534.560;427881;20395;1546590;0;0;0;21554161;0
2020-05-20T00:00:00.000Z;7319;Daily ICU occupancy;6.908.695.852.534.560;424710;22218;1583710;0;0;0;21126280;0
2020-05-19T00:00:00.000Z;7669;Daily ICU occupancy;6.908.695.852.534.560;391404;20790;1475995;0;0;0;20701570;0
2020-05-18T00:00:00.000Z;7931;Daily ICU occupancy;6.908.695.852.534.560;360544;17135;1266821;0;0;0;20310166;0
2020-05-17T00:00:00.000Z;8095;Daily ICU occupancy;6.908.695.852.534.560;315048;15082;1233587;0;0;0;19949622;0
2020-05-16T00:00:00.000Z;8245;Daily ICU occupancy;6.908.695.852.534.560;381186;18751;1445318;0;0;0;19634574;0
2020-05-15T00:00:00.000Z;8578;Daily ICU occupancy;6.908.695.852.534.560;389832;23334;1624638;0;0;0;19253388;0
2020-05-14T00:00:00.000Z;8819;Daily ICU occupancy;6.908.695.852.534.560;386991;23418;1556307;0;0;0;18863556;0
2020-05-13T00:00:00.000Z;9169;Daily ICU occupancy;6.908.695.852.534.560;342678;22929;1495475;0;0;0;18476565;0
2020-05-12T00:00:00.000Z;9577;Daily ICU occupancy;6.915.527.777.777.770;345842;24513;1332416;0;0;0;18133887;0
2020-05-11T00:00:00.000Z;10095;Daily ICU occupancy;6.915.527.777.777.770;312259;16466;1113118;0;0;0;17788045;0
2020-05-10T00:00:00.000Z;10269;Daily ICU occupancy;6.915.527.777.777.770;305567;16784;1074249;0;0;0;17475786;0
2020-05-09T00:00:00.000Z;10409;Daily ICU occupancy;6.915.527.777.777.770;342722;19069;1264620;0;0;0;17170219;0
2020-05-08T00:00:00.000Z;10763;Daily ICU occupancy;6.915.527.777.777.770;370824;25012;1391425;0;0;0;16827497;0
2020-05-07T00:00:00.000Z;11568;Daily ICU occupancy;6.915.527.777.777.770;362907;23957;1294031;0;0;0;16456673;0
2020-05-06T00:00:00.000Z;11729;Daily ICU occupancy;6.915.527.777.777.770;373054;29326;1235771;0;0;0;16093766;0
2020-05-05T00:00:00.000Z;12354;Daily ICU occupancy;6.915.527.777.777.770;326336;25658;1149099;0;0;0;15720712;0
2020-05-04T00:00:00.000Z;12978;Daily ICU occupancy;6.915.527.777.777.770;314182;19147;998090;0;0;0;15394376;0
2020-05-03T00:00:00.000Z;13267;Daily ICU occupancy;6.915.527.777.777.770;303679;16173;975101;0;0;0;15080194;0
2020-05-02T00:00:00.000Z;13473;Daily ICU occupancy;6.915.527.777.777.770;323682;25096;1034290;0;0;0;14776515;0
2020-05-01T00:00:00.000Z;13799;Daily ICU occupancy;6.915.527.777.777.770;363812;22790;1250152;0;0;0;14452833;0
2020-04-30T00:00:00.000Z;14350;Daily ICU occupancy;6.914.623.255.813.950;341917;25783;1299879;0;0;0;14089021;0
2020-04-29T00:00:00.000Z;14906;Daily ICU occupancy;6.916.878.504.672.890;316988;29564;1146925;0;0;0;13747104;0
2020-04-28T00:00:00.000Z;15503;Daily ICU occupancy;6.916.878.504.672.890;313515;29040;1035470;0;0;0;13430116;0
2020-04-27T00:00:00.000Z;16082;Daily ICU occupancy;6.916.878.504.672.890;295636;21320;820855;0;0;0;13116601;0
2020-04-26T00:00:00.000Z;16496;Daily ICU occupancy;6.916.878.504.672.890;293715;18196;777331;0;0;0;12820965;0
2020-04-25T00:00:00.000Z;16832;Daily ICU occupancy;6.916.878.504.672.890;345084;25339;887384;0;0;0;12527250;0
2020-04-24T00:00:00.000Z;17210;Daily ICU occupancy;6.916.878.504.672.890;338871;29780;1005570;0;0;0;12182166;0
2020-04-23T00:00:00.000Z;17818;Daily ICU occupancy;6.916.878.504.672.890;347018;30285;876781;0;0;0;11843295;0
2020-04-22T00:00:00.000Z;18359;Daily ICU occupancy;6.916.878.504.672.890;342153;30386;849018;0;0;0;11496277;0
2020-04-21T00:00:00.000Z;18927;Daily ICU occupancy;6.916.878.504.672.890;317975;31754;752957;0;0;0;11154124;0
2020-04-20T00:00:00.000Z;19624;Daily ICU occupancy;6.916.878.504.672.890;316439;26326;648148;0;0;0;10836149;0
2020-04-19T00:00:00.000Z;19641;Daily ICU occupancy;6.916.878.504.672.890;324439;23311;627299;0;0;0;10519710;0
2020-04-18T00:00:00.000Z;20218;Daily ICU occupancy;6.916.878.504.672.890;322507;26778;722974;0;0;0;10195271;0
2020-04-17T00:00:00.000Z;20425;Daily ICU occupancy;6.916.878.504.672.890;372037;37140;764403;0;0;0;9872764;0
2020-04-16T00:00:00.000Z;20868;Daily ICU occupancy;6.916.878.504.672.890;409894;32497;713848;0;0;0;9500727;0
2020-04-15T00:00:00.000Z;21214;Daily ICU occupancy;6.916.878.504.672.890;333483;38187;668709;0;0;0;9090833;0
2020-04-14T00:00:00.000Z;21685;Daily ICU occupancy;6.916.878.504.672.890;364055;30880;603324;0;0;0;8757350;0
2020-04-13T00:00:00.000Z;21978;Daily ICU occupancy;6.916.878.504.672.890;301098;26542;500035;0;0;0;8393295;0
2020-04-12T00:00:00.000Z;22119;Daily ICU occupancy;6.916.878.504.672.890;544141;26148;496112;0;0;0;8092197;0
2020-04-11T00:00:00.000Z;22202;Daily ICU occupancy;6.916.878.504.672.890;316086;27567;653386;0;0;0;7548056;0
2020-04-10T00:00:00.000Z;22418;Daily ICU occupancy;6.916.878.504.672.890;364600;32877;661136;0;0;0;7231970;0
2020-04-09T00:00:00.000Z;22398;Daily ICU occupancy;691.830.985.915.493;371063;35001;632424;0;0;0;6867370;0
2020-04-08T00:00:00.000Z;22447;Daily ICU occupancy;691.830.985.915.493;359091;30273;606127;0;0;0;6496307;0
2020-04-07T00:00:00.000Z;22482;Daily ICU occupancy;691.830.985.915.493;292385;37204;630499;0;0;0;6137216;0
2020-04-06T00:00:00.000Z;22063;Daily ICU occupancy;691.830.985.915.493;315279;26583;463166;0;0;0;5844831;0
2020-04-05T00:00:00.000Z;21685;Daily ICU occupancy;6.917.740.566.037.730;298218;23321;483331;0;0;0;5529552;0
2020-04-04T00:00:00.000Z;21059;Daily ICU occupancy;6.917.471.428.571.420;240230;26780;495981;0;0;0;5227104;0
2020-04-03T00:00:00.000Z;20582;Daily ICU occupancy;6.911.602.870.813.390;367091;28158;574051;0;0;0;4986874;0
2020-04-02T00:00:00.000Z;19524;Daily ICU occupancy;6.911.602.870.813.390;359708;26646;555683;0;0;0;4619783;0
2020-04-01T00:00:00.000Z;16458;Daily ICU occupancy;6.907.432.692.307.690;358625;27579;522987;0;0;0;4260075;0
2020-03-31T00:00:00.000Z;15233;Daily ICU occupancy;6.907.432.692.307.690;337885;21735;360448;0;0;0;3901450;0
2020-03-30T00:00:00.000Z;14099;Daily ICU occupancy;691.804.854.368.932;287200;18901;290655;0;0;0;3563565;0
2020-03-29T00:00:00.000Z;12680;Daily ICU occupancy;6.917.848.780.487.800;253131;16246;346598;0;0;0;3276365;0
2020-03-28T00:00:00.000Z;11945;Daily ICU occupancy;6.920.259.803.921.560;310245;17775;325187;0;0;0;3023234;0
2020-03-27T00:00:00.000Z;10869;Daily ICU occupancy;6.903.562.189.054.720;290295;16278;371884;0;0;0;2712989;0
2020-03-26T00:00:00.000Z;9940;Daily ICU occupancy;6.904.515;282601;14241;321945;0;0;0;2422694;0
2020-03-25T00:00:00.000Z;9116;Daily ICU occupancy;6.904.515;230931;13316;282933;0;0;0;2140093;0
2020-03-24T00:00:00.000Z;8085;Daily ICU occupancy;6.911.253.807.106.590;184644;10934;257969;0;0;0;1909162;0
2020-03-23T00:00:00.000Z;6991;Daily ICU occupancy;691.186.224.489.796;192933;9296;240507;0;0;0;1724518;0
2020-03-22T00:00:00.000Z;6091;Daily ICU occupancy;6.909.041.025.641.020;157849;8009;175636;0;0;0;1531585;0
2020-03-21T00:00:00.000Z;5548;Daily ICU occupancy;690.641.052.631.579;147194;8238;207831;0;0;0;1373736;0
2020-03-20T00:00:00.000Z;4903;Daily ICU occupancy;6.910.898.936.170.210;141251;7123;197766;0;0;0;1226542;0
2020-03-19T00:00:00.000Z;4071;Daily ICU occupancy;6.920.838.888.888.880;125328;5254;225472;0;0;0;1085291;0
2020-03-18T00:00:00.000Z;3465;Daily ICU occupancy;6.911.617.142.857.140;90778;4272;147044;0;0;0;959963;0
2020-03-17T00:00:00.000Z;2395;Daily ICU occupancy;6.908.076.470.588.230;74028;3842;135597;0;0;0;869185;0
2020-03-16T00:00:00.000Z;2121;Daily ICU occupancy;6.904.524.096.385.540;69451;3244;116915;0;0;0;795157;0
2020-03-15T00:00:00.000Z;1863;Daily ICU occupancy;6.913.826.086.956.520;52533;3062;81396;0;0;0;725706;0
2020-03-14T00:00:00.000Z;1634;Daily ICU occupancy;6.929.198.717.948.710;51581;1953;83624;0;0;0;673173;0
2020-03-13T00:00:00.000Z;1416;Daily ICU occupancy;6.976.440.559.440.550;67377;2338;62932;0;0;0;621592;0
2020-03-12T00:00:00.000Z;1226;Daily ICU occupancy;6.952.537.313.432.830;26853;1429;68621;0;0;0;554215;0
2020-03-11T00:00:00.000Z;1079;Daily ICU occupancy;6.945.219.696.969.690;35459;1616;49614;0;0;0;527362;0
2020-03-10T00:00:00.000Z;917;Daily ICU occupancy;6.944.674.603.174.600;22094;1289;40562;0;0;0;491903;0
2020-03-09T00:00:00.000Z;765;Daily ICU occupancy;695.067.741.935.484;19653;876;33292;0;0;0;469809;0
2020-03-08T00:00:00.000Z;677;Daily ICU occupancy;6.938.090.163.934.420;18111;1105;30216;0;0;0;450156;0
2020-03-07T00:00:00.000Z;588;Daily ICU occupancy;6.913.237.288.135.590;18423;469;36538;0;0;0;432045;0
2020-03-06T00:00:00.000Z;481;Daily ICU occupancy;6.908.863.247.863.240;17203;506;45935;0;0;0;413622;0
2020-03-05T00:00:00.000Z;366;Daily ICU occupancy;68.867;12584;417;23919;0;0;0;396419;0
2020-03-04T00:00:00.000Z;310;Daily ICU occupancy;6.861.112.149.532.710;10097;409;36682;0;0;0;383835;0
2020-03-03T00:00:00.000Z;241;Daily ICU occupancy;680.892;11006;325;25884;0;0;0;373738;0
2020-03-02T00:00:00.000Z;176;Daily ICU occupancy;6.784.229.166.666.660;8415;375;17252;0;0;0;362732;0
2020-03-01T00:00:00.000Z;151;Daily ICU occupancy;6.755.139.784.946.230;10209;221;9868;0;0;0;354317;0
2020-02-29T00:00:00.000Z;114;Daily ICU occupancy;6.691.574.712.643.670;7934;288;18119;0;0;0;344108;0
2020-02-28T00:00:00.000Z;72;Daily ICU occupancy;6.587.901.234.567.900;5841;236;29674;0;0;0;336174;0
2020-02-27T00:00:00.000Z;63;Daily ICU occupancy;656.687.012.987.013;5686;177;19919;0;0;0;330333;0
2020-02-26T00:00:00.000Z;36;Daily ICU occupancy;6.521.626.666.666.660;4038;245;16461;0;0;0;324647;0
2020-02-25T00:00:00.000Z;35;Daily ICU occupancy;6.395.705.882.352.940;3519;323;13680;0;0;0;320609;0
2020-02-24T00:00:00.000Z;26;Daily ICU occupancy;6.262.177.419.354.830;2346;644;8201;0;0;0;317090;0
